lineage,pathway,method,significant_0h_vs_12h,significant_12h_vs_24h,significant_0h_vs_24h,descriptive_timing_pattern
CD4,HALLMARK_BILE_ACID_METABOLISM,vanilla,True,True,True,persistent
CD4,HALLMARK_BILE_ACID_METABOLISM,genept,True,True,True,persistent
CD4,HALLMARK_BILE_ACID_METABOLISM,l2,True,True,True,persistent
CD4,HALLMARK_FATTY_ACID_METABOLISM,vanilla,True,True,True,persistent
CD4,HALLMARK_FATTY_ACID_METABOLISM,genept,True,True,True,persistent
CD4,HALLMARK_FATTY_ACID_METABOLISM,l2,True,True,True,persistent
CD4,HALLMARK_GLYCOLYSIS,vanilla,True,True,True,persistent
CD4,HALLMARK_GLYCOLYSIS,genept,True,True,True,persistent
CD4,HALLMARK_GLYCOLYSIS,l2,True,True,True,persistent
CD4,HALLMARK_HEME_METABOLISM,vanilla,True,True,True,persistent
CD4,HALLMARK_HEME_METABOLISM,genept,True,True,True,persistent
CD4,HALLMARK_HEME_METABOLISM,l2,True,True,True,persistent
CD4,HALLMARK_OXIDATIVE_PHOSPHORYLATION,vanilla,True,True,True,persistent
CD4,HALLMARK_OXIDATIVE_PHOSPHORYLATION,genept,True,True,True,persistent
CD4,HALLMARK_OXIDATIVE_PHOSPHORYLATION,l2,True,True,True,persistent
CD4,KEGG_ALANINE_ASPARTATE_AND_GLUTAMATE_METABOLISM,vanilla,True,False,True,early
CD4,KEGG_ALANINE_ASPARTATE_AND_GLUTAMATE_METABOLISM,genept,True,False,True,early
CD4,KEGG_ALANINE_ASPARTATE_AND_GLUTAMATE_METABOLISM,l2,False,False,True,endpoint_only
CD4,KEGG_AMINO_SUGAR_AND_NUCLEOTIDE_SUGAR_METABOLISM,vanilla,True,False,True,early
CD4,KEGG_AMINO_SUGAR_AND_NUCLEOTIDE_SUGAR_METABOLISM,genept,True,False,True,early
CD4,KEGG_AMINO_SUGAR_AND_NUCLEOTIDE_SUGAR_METABOLISM,l2,True,False,True,early
CD4,KEGG_ARACHIDONIC_ACID_METABOLISM,vanilla,True,False,True,early
CD4,KEGG_ARACHIDONIC_ACID_METABOLISM,genept,True,False,True,early
CD4,KEGG_ARACHIDONIC_ACID_METABOLISM,l2,False,False,False,none
CD4,KEGG_ARGININE_AND_PROLINE_METABOLISM,vanilla,True,False,True,early
CD4,KEGG_ARGININE_AND_PROLINE_METABOLISM,genept,True,False,True,early
CD4,KEGG_ARGININE_AND_PROLINE_METABOLISM,l2,True,False,True,early
CD4,KEGG_BETA_ALANINE_METABOLISM,vanilla,True,False,True,early
CD4,KEGG_BETA_ALANINE_METABOLISM,genept,True,False,True,early
CD4,KEGG_BETA_ALANINE_METABOLISM,l2,False,False,True,endpoint_only
CD4,KEGG_BIOSYNTHESIS_OF_UNSATURATED_FATTY_ACIDS,vanilla,False,False,True,endpoint_only
CD4,KEGG_BIOSYNTHESIS_OF_UNSATURATED_FATTY_ACIDS,genept,False,False,True,endpoint_only
CD4,KEGG_BIOSYNTHESIS_OF_UNSATURATED_FATTY_ACIDS,l2,False,False,False,none
CD4,KEGG_BUTANOATE_METABOLISM,vanilla,False,True,True,late
CD4,KEGG_BUTANOATE_METABOLISM,genept,False,True,True,late
CD4,KEGG_BUTANOATE_METABOLISM,l2,False,False,True,endpoint_only
CD4,KEGG_CYSTEINE_AND_METHIONINE_METABOLISM,vanilla,True,True,True,persistent
CD4,KEGG_CYSTEINE_AND_METHIONINE_METABOLISM,genept,True,True,True,persistent
CD4,KEGG_CYSTEINE_AND_METHIONINE_METABOLISM,l2,True,False,True,early
CD4,KEGG_DRUG_METABOLISM_CYTOCHROME_P450,vanilla,True,False,True,early
CD4,KEGG_DRUG_METABOLISM_CYTOCHROME_P450,genept,True,True,True,persistent
CD4,KEGG_DRUG_METABOLISM_CYTOCHROME_P450,l2,False,False,True,endpoint_only
CD4,KEGG_DRUG_METABOLISM_OTHER_ENZYMES,vanilla,True,True,True,persistent
CD4,KEGG_DRUG_METABOLISM_OTHER_ENZYMES,genept,True,True,True,persistent
CD4,KEGG_DRUG_METABOLISM_OTHER_ENZYMES,l2,False,False,True,endpoint_only
CD4,KEGG_ETHER_LIPID_METABOLISM,vanilla,False,False,True,endpoint_only
CD4,KEGG_ETHER_LIPID_METABOLISM,genept,False,False,False,none
CD4,KEGG_ETHER_LIPID_METABOLISM,l2,False,False,False,none
CD4,KEGG_FATTY_ACID_METABOLISM,vanilla,False,True,True,late
CD4,KEGG_FATTY_ACID_METABOLISM,genept,False,True,True,late
CD4,KEGG_FATTY_ACID_METABOLISM,l2,False,True,True,late
CD4,KEGG_FRUCTOSE_AND_MANNOSE_METABOLISM,vanilla,True,True,True,persistent
CD4,KEGG_FRUCTOSE_AND_MANNOSE_METABOLISM,genept,True,True,True,persistent
CD4,KEGG_FRUCTOSE_AND_MANNOSE_METABOLISM,l2,True,False,True,early
CD4,KEGG_GALACTOSE_METABOLISM,vanilla,False,False,True,endpoint_only
CD4,KEGG_GALACTOSE_METABOLISM,genept,False,False,True,endpoint_only
CD4,KEGG_GALACTOSE_METABOLISM,l2,False,False,False,none
CD4,KEGG_GLUTATHIONE_METABOLISM,vanilla,True,True,True,persistent
CD4,KEGG_GLUTATHIONE_METABOLISM,genept,True,True,True,persistent
CD4,KEGG_GLUTATHIONE_METABOLISM,l2,True,True,True,persistent
CD4,KEGG_GLYCEROLIPID_METABOLISM,vanilla,True,False,True,early
CD4,KEGG_GLYCEROLIPID_METABOLISM,genept,True,False,True,early
CD4,KEGG_GLYCEROLIPID_METABOLISM,l2,False,False,True,endpoint_only
CD4,KEGG_GLYCEROPHOSPHOLIPID_METABOLISM,vanilla,True,True,True,persistent
CD4,KEGG_GLYCEROPHOSPHOLIPID_METABOLISM,genept,True,True,True,persistent
CD4,KEGG_GLYCEROPHOSPHOLIPID_METABOLISM,l2,True,False,True,early
CD4,KEGG_GLYCINE_SERINE_AND_THREONINE_METABOLISM,vanilla,False,False,True,endpoint_only
CD4,KEGG_GLYCINE_SERINE_AND_THREONINE_METABOLISM,genept,False,False,True,endpoint_only
CD4,KEGG_GLYCINE_SERINE_AND_THREONINE_METABOLISM,l2,False,False,True,endpoint_only
CD4,KEGG_GLYCOLYSIS_GLUCONEOGENESIS,vanilla,True,True,True,persistent
CD4,KEGG_GLYCOLYSIS_GLUCONEOGENESIS,genept,True,True,True,persistent
CD4,KEGG_GLYCOLYSIS_GLUCONEOGENESIS,l2,True,True,True,persistent
CD4,KEGG_GLYCOSAMINOGLYCAN_BIOSYNTHESIS_CHONDROITIN_SULFATE,vanilla,False,False,True,endpoint_only
CD4,KEGG_GLYCOSAMINOGLYCAN_BIOSYNTHESIS_CHONDROITIN_SULFATE,genept,False,False,False,none
CD4,KEGG_GLYCOSAMINOGLYCAN_BIOSYNTHESIS_CHONDROITIN_SULFATE,l2,False,False,False,none
CD4,KEGG_GLYCOSAMINOGLYCAN_BIOSYNTHESIS_HEPARAN_SULFATE,vanilla,False,False,False,none
CD4,KEGG_GLYCOSAMINOGLYCAN_BIOSYNTHESIS_HEPARAN_SULFATE,genept,False,False,False,none
CD4,KEGG_GLYCOSAMINOGLYCAN_BIOSYNTHESIS_HEPARAN_SULFATE,l2,False,False,False,none
CD4,KEGG_GLYCOSAMINOGLYCAN_DEGRADATION,vanilla,False,False,False,none
CD4,KEGG_GLYCOSAMINOGLYCAN_DEGRADATION,genept,False,False,False,none
CD4,KEGG_GLYCOSAMINOGLYCAN_DEGRADATION,l2,False,False,False,none
CD4,KEGG_GLYCOSPHINGOLIPID_BIOSYNTHESIS_LACTO_AND_NEOLACTO_SERIES,vanilla,False,False,False,none
CD4,KEGG_GLYCOSPHINGOLIPID_BIOSYNTHESIS_LACTO_AND_NEOLACTO_SERIES,genept,False,False,False,none
CD4,KEGG_GLYCOSPHINGOLIPID_BIOSYNTHESIS_LACTO_AND_NEOLACTO_SERIES,l2,False,False,False,none
CD4,KEGG_GLYCOSYLPHOSPHATIDYLINOSITOL_GPI_ANCHOR_BIOSYNTHESIS,vanilla,False,False,True,endpoint_only
CD4,KEGG_GLYCOSYLPHOSPHATIDYLINOSITOL_GPI_ANCHOR_BIOSYNTHESIS,genept,False,False,True,endpoint_only
CD4,KEGG_GLYCOSYLPHOSPHATIDYLINOSITOL_GPI_ANCHOR_BIOSYNTHESIS,l2,False,False,False,none
CD4,KEGG_HISTIDINE_METABOLISM,vanilla,False,False,True,endpoint_only
CD4,KEGG_HISTIDINE_METABOLISM,genept,False,False,True,endpoint_only
CD4,KEGG_HISTIDINE_METABOLISM,l2,False,False,False,none
CD4,KEGG_INOSITOL_PHOSPHATE_METABOLISM,vanilla,True,True,True,persistent
CD4,KEGG_INOSITOL_PHOSPHATE_METABOLISM,genept,True,True,True,persistent
CD4,KEGG_INOSITOL_PHOSPHATE_METABOLISM,l2,True,True,True,persistent
CD4,KEGG_METABOLISM_OF_XENOBIOTICS_BY_CYTOCHROME_P450,vanilla,True,True,True,persistent
CD4,KEGG_METABOLISM_OF_XENOBIOTICS_BY_CYTOCHROME_P450,genept,True,True,True,persistent
CD4,KEGG_METABOLISM_OF_XENOBIOTICS_BY_CYTOCHROME_P450,l2,False,False,True,endpoint_only
CD4,KEGG_NICOTINATE_AND_NICOTINAMIDE_METABOLISM,vanilla,False,False,True,endpoint_only
CD4,KEGG_NICOTINATE_AND_NICOTINAMIDE_METABOLISM,genept,False,False,True,endpoint_only
CD4,KEGG_NICOTINATE_AND_NICOTINAMIDE_METABOLISM,l2,False,False,True,endpoint_only
CD4,KEGG_NITROGEN_METABOLISM,vanilla,False,False,True,endpoint_only
CD4,KEGG_NITROGEN_METABOLISM,genept,True,False,True,early
CD4,KEGG_NITROGEN_METABOLISM,l2,False,False,False,none
CD4,KEGG_OXIDATIVE_PHOSPHORYLATION,vanilla,True,True,True,persistent
CD4,KEGG_OXIDATIVE_PHOSPHORYLATION,genept,True,True,True,persistent
CD4,KEGG_OXIDATIVE_PHOSPHORYLATION,l2,True,True,True,persistent
CD4,KEGG_PENTOSE_PHOSPHATE_PATHWAY,vanilla,True,True,True,persistent
CD4,KEGG_PENTOSE_PHOSPHATE_PATHWAY,genept,False,True,True,late
CD4,KEGG_PENTOSE_PHOSPHATE_PATHWAY,l2,False,False,True,endpoint_only
CD4,KEGG_PORPHYRIN_AND_CHLOROPHYLL_METABOLISM,vanilla,True,True,True,persistent
CD4,KEGG_PORPHYRIN_AND_CHLOROPHYLL_METABOLISM,genept,False,True,True,late
CD4,KEGG_PORPHYRIN_AND_CHLOROPHYLL_METABOLISM,l2,False,False,True,endpoint_only
CD4,KEGG_PROPANOATE_METABOLISM,vanilla,True,True,True,persistent
CD4,KEGG_PROPANOATE_METABOLISM,genept,True,True,True,persistent
CD4,KEGG_PROPANOATE_METABOLISM,l2,True,True,True,persistent
CD4,KEGG_PURINE_METABOLISM,vanilla,True,True,True,persistent
CD4,KEGG_PURINE_METABOLISM,genept,True,True,True,persistent
CD4,KEGG_PURINE_METABOLISM,l2,True,True,True,persistent
CD4,KEGG_PYRIMIDINE_METABOLISM,vanilla,True,True,True,persistent
CD4,KEGG_PYRIMIDINE_METABOLISM,genept,True,False,True,early
CD4,KEGG_PYRIMIDINE_METABOLISM,l2,True,True,True,persistent
CD4,KEGG_PYRUVATE_METABOLISM,vanilla,True,True,True,persistent
CD4,KEGG_PYRUVATE_METABOLISM,genept,True,True,True,persistent
CD4,KEGG_PYRUVATE_METABOLISM,l2,True,True,True,persistent
CD4,KEGG_RETINOL_METABOLISM,vanilla,False,False,True,endpoint_only
CD4,KEGG_RETINOL_METABOLISM,genept,False,False,False,none
CD4,KEGG_RETINOL_METABOLISM,l2,False,False,False,none
CD4,KEGG_SELENOAMINO_ACID_METABOLISM,vanilla,True,False,True,early
CD4,KEGG_SELENOAMINO_ACID_METABOLISM,genept,True,False,True,early
CD4,KEGG_SELENOAMINO_ACID_METABOLISM,l2,False,False,True,endpoint_only
CD4,KEGG_SPHINGOLIPID_METABOLISM,vanilla,False,False,True,endpoint_only
CD4,KEGG_SPHINGOLIPID_METABOLISM,genept,False,False,True,endpoint_only
CD4,KEGG_SPHINGOLIPID_METABOLISM,l2,False,False,False,none
CD4,KEGG_STARCH_AND_SUCROSE_METABOLISM,vanilla,False,False,True,endpoint_only
CD4,KEGG_STARCH_AND_SUCROSE_METABOLISM,genept,False,False,True,endpoint_only
CD4,KEGG_STARCH_AND_SUCROSE_METABOLISM,l2,False,False,False,none
CD4,KEGG_TRYPTOPHAN_METABOLISM,vanilla,False,True,True,late
CD4,KEGG_TRYPTOPHAN_METABOLISM,genept,False,True,True,late
CD4,KEGG_TRYPTOPHAN_METABOLISM,l2,False,False,False,none
CD4,KEGG_TYROSINE_METABOLISM,vanilla,False,False,True,endpoint_only
CD4,KEGG_TYROSINE_METABOLISM,genept,False,False,True,endpoint_only
CD4,KEGG_TYROSINE_METABOLISM,l2,False,False,True,endpoint_only
CD4,REACTOME_ARACHIDONIC_ACID_METABOLISM,vanilla,True,False,True,early
CD4,REACTOME_ARACHIDONIC_ACID_METABOLISM,genept,True,False,True,early
CD4,REACTOME_ARACHIDONIC_ACID_METABOLISM,l2,True,False,True,early
CD4,REACTOME_BILE_ACID_AND_BILE_SALT_METABOLISM,vanilla,False,False,True,endpoint_only
CD4,REACTOME_BILE_ACID_AND_BILE_SALT_METABOLISM,genept,False,False,False,none
CD4,REACTOME_BILE_ACID_AND_BILE_SALT_METABOLISM,l2,False,False,False,none
CD4,REACTOME_BIOLOGICAL_OXIDATIONS,vanilla,True,True,True,persistent
CD4,REACTOME_BIOLOGICAL_OXIDATIONS,genept,True,True,True,persistent
CD4,REACTOME_BIOLOGICAL_OXIDATIONS,l2,True,True,True,persistent
CD4,REACTOME_BIOSYNTHESIS_OF_THE_N_GLYCAN_PRECURSOR_DOLICHOL_LIPID_LINKED_OLIGOSACCHARIDE_LLO_AND_TRANSFER_TO_A_NASCENT_PROTEIN,vanilla,True,False,True,early
CD4,REACTOME_BIOSYNTHESIS_OF_THE_N_GLYCAN_PRECURSOR_DOLICHOL_LIPID_LINKED_OLIGOSACCHARIDE_LLO_AND_TRANSFER_TO_A_NASCENT_PROTEIN,genept,True,False,True,early
CD4,REACTOME_BIOSYNTHESIS_OF_THE_N_GLYCAN_PRECURSOR_DOLICHOL_LIPID_LINKED_OLIGOSACCHARIDE_LLO_AND_TRANSFER_TO_A_NASCENT_PROTEIN,l2,True,False,True,early
CD4,REACTOME_BRANCHED_CHAIN_AMINO_ACID_CATABOLISM,vanilla,True,False,True,early
CD4,REACTOME_BRANCHED_CHAIN_AMINO_ACID_CATABOLISM,genept,False,False,True,endpoint_only
CD4,REACTOME_BRANCHED_CHAIN_AMINO_ACID_CATABOLISM,l2,False,False,True,endpoint_only
CD4,REACTOME_CHOLESTEROL_BIOSYNTHESIS,vanilla,True,False,True,early
CD4,REACTOME_CHOLESTEROL_BIOSYNTHESIS,genept,True,False,True,early
CD4,REACTOME_CHOLESTEROL_BIOSYNTHESIS,l2,False,False,True,endpoint_only
CD4,REACTOME_CHONDROITIN_SULFATE_DERMATAN_SULFATE_METABOLISM,vanilla,True,False,True,early
CD4,REACTOME_CHONDROITIN_SULFATE_DERMATAN_SULFATE_METABOLISM,genept,True,False,True,early
CD4,REACTOME_CHONDROITIN_SULFATE_DERMATAN_SULFATE_METABOLISM,l2,False,False,False,none
CD4,REACTOME_CITRIC_ACID_CYCLE_TCA_CYCLE,vanilla,True,False,True,early
CD4,REACTOME_CITRIC_ACID_CYCLE_TCA_CYCLE,genept,True,False,True,early
CD4,REACTOME_CITRIC_ACID_CYCLE_TCA_CYCLE,l2,False,False,True,endpoint_only
CD4,REACTOME_COLLAGEN_BIOSYNTHESIS_AND_MODIFYING_ENZYMES,vanilla,True,False,True,early
CD4,REACTOME_COLLAGEN_BIOSYNTHESIS_AND_MODIFYING_ENZYMES,genept,True,False,True,early
CD4,REACTOME_COLLAGEN_BIOSYNTHESIS_AND_MODIFYING_ENZYMES,l2,False,False,False,none
CD4,REACTOME_DEFECTS_IN_VITAMIN_AND_COFACTOR_METABOLISM,vanilla,False,False,True,endpoint_only
CD4,REACTOME_DEFECTS_IN_VITAMIN_AND_COFACTOR_METABOLISM,genept,False,False,True,endpoint_only
CD4,REACTOME_DEFECTS_IN_VITAMIN_AND_COFACTOR_METABOLISM,l2,False,False,False,none
CD4,REACTOME_DISEASES_ASSOCIATED_WITH_GLYCOSAMINOGLYCAN_METABOLISM,vanilla,False,False,True,endpoint_only
CD4,REACTOME_DISEASES_ASSOCIATED_WITH_GLYCOSAMINOGLYCAN_METABOLISM,genept,False,False,True,endpoint_only
CD4,REACTOME_DISEASES_ASSOCIATED_WITH_GLYCOSAMINOGLYCAN_METABOLISM,l2,False,False,False,none
CD4,REACTOME_DISEASES_ASSOCIATED_WITH_GLYCOSYLATION_PRECURSOR_BIOSYNTHESIS,vanilla,True,False,True,early
CD4,REACTOME_DISEASES_ASSOCIATED_WITH_GLYCOSYLATION_PRECURSOR_BIOSYNTHESIS,genept,False,False,True,endpoint_only
CD4,REACTOME_DISEASES_ASSOCIATED_WITH_GLYCOSYLATION_PRECURSOR_BIOSYNTHESIS,l2,False,False,False,none
CD4,REACTOME_DISEASES_OF_CARBOHYDRATE_METABOLISM,vanilla,True,True,True,persistent
CD4,REACTOME_DISEASES_OF_CARBOHYDRATE_METABOLISM,genept,True,True,True,persistent
CD4,REACTOME_DISEASES_OF_CARBOHYDRATE_METABOLISM,l2,True,True,True,persistent
CD4,REACTOME_DISEASES_OF_METABOLISM,vanilla,True,True,True,persistent
CD4,REACTOME_DISEASES_OF_METABOLISM,genept,True,True,True,persistent
CD4,REACTOME_DISEASES_OF_METABOLISM,l2,True,True,True,persistent
CD4,REACTOME_FATTY_ACID_METABOLISM,vanilla,True,True,True,persistent
CD4,REACTOME_FATTY_ACID_METABOLISM,genept,True,True,True,persistent
CD4,REACTOME_FATTY_ACID_METABOLISM,l2,True,True,True,persistent
CD4,REACTOME_FATTY_ACYL_COA_BIOSYNTHESIS,vanilla,False,False,True,endpoint_only
CD4,REACTOME_FATTY_ACYL_COA_BIOSYNTHESIS,genept,False,False,False,none
CD4,REACTOME_FATTY_ACYL_COA_BIOSYNTHESIS,l2,False,False,False,none
CD4,REACTOME_FOXO_MEDIATED_TRANSCRIPTION_OF_OXIDATIVE_STRESS_METABOLIC_AND_NEURONAL_GENES,vanilla,True,False,True,early
CD4,REACTOME_FOXO_MEDIATED_TRANSCRIPTION_OF_OXIDATIVE_STRESS_METABOLIC_AND_NEURONAL_GENES,genept,True,False,True,early
CD4,REACTOME_FOXO_MEDIATED_TRANSCRIPTION_OF_OXIDATIVE_STRESS_METABOLIC_AND_NEURONAL_GENES,l2,False,False,True,endpoint_only
CD4,REACTOME_GLUCAGON_SIGNALING_IN_METABOLIC_REGULATION,vanilla,True,True,True,persistent
CD4,REACTOME_GLUCAGON_SIGNALING_IN_METABOLIC_REGULATION,genept,True,True,True,persistent
CD4,REACTOME_GLUCAGON_SIGNALING_IN_METABOLIC_REGULATION,l2,True,False,True,early
CD4,REACTOME_GLUCONEOGENESIS,vanilla,True,True,True,persistent
CD4,REACTOME_GLUCONEOGENESIS,genept,True,True,True,persistent
CD4,REACTOME_GLUCONEOGENESIS,l2,True,True,True,persistent
CD4,REACTOME_GLUCOSE_METABOLISM,vanilla,True,True,True,persistent
CD4,REACTOME_GLUCOSE_METABOLISM,genept,True,True,True,persistent
CD4,REACTOME_GLUCOSE_METABOLISM,l2,True,True,True,persistent
CD4,REACTOME_GLYCEROPHOSPHOLIPID_BIOSYNTHESIS,vanilla,True,False,True,early
CD4,REACTOME_GLYCEROPHOSPHOLIPID_BIOSYNTHESIS,genept,True,True,True,persistent
CD4,REACTOME_GLYCEROPHOSPHOLIPID_BIOSYNTHESIS,l2,True,True,True,persistent
CD4,REACTOME_GLYCOGEN_METABOLISM,vanilla,True,True,True,persistent
CD4,REACTOME_GLYCOGEN_METABOLISM,genept,True,True,True,persistent
CD4,REACTOME_GLYCOGEN_METABOLISM,l2,True,False,True,early
CD4,REACTOME_GLYCOLYSIS,vanilla,True,True,True,persistent
CD4,REACTOME_GLYCOLYSIS,genept,True,True,True,persistent
CD4,REACTOME_GLYCOLYSIS,l2,True,True,True,persistent
CD4,REACTOME_GLYCOSAMINOGLYCAN_METABOLISM,vanilla,True,False,True,early
CD4,REACTOME_GLYCOSAMINOGLYCAN_METABOLISM,genept,True,False,True,early
CD4,REACTOME_GLYCOSAMINOGLYCAN_METABOLISM,l2,True,False,True,early
CD4,REACTOME_GLYCOSPHINGOLIPID_METABOLISM,vanilla,True,False,True,early
CD4,REACTOME_GLYCOSPHINGOLIPID_METABOLISM,genept,False,False,True,endpoint_only
CD4,REACTOME_GLYCOSPHINGOLIPID_METABOLISM,l2,False,False,False,none
CD4,REACTOME_GLYOXYLATE_METABOLISM_AND_GLYCINE_DEGRADATION,vanilla,True,False,True,early
CD4,REACTOME_GLYOXYLATE_METABOLISM_AND_GLYCINE_DEGRADATION,genept,False,False,True,endpoint_only
CD4,REACTOME_GLYOXYLATE_METABOLISM_AND_GLYCINE_DEGRADATION,l2,False,False,True,endpoint_only
CD4,REACTOME_HEPARAN_SULFATE_HEPARIN_HS_GAG_METABOLISM,vanilla,True,False,True,early
CD4,REACTOME_HEPARAN_SULFATE_HEPARIN_HS_GAG_METABOLISM,genept,True,False,True,early
CD4,REACTOME_HEPARAN_SULFATE_HEPARIN_HS_GAG_METABOLISM,l2,False,False,False,none
CD4,REACTOME_HS_GAG_BIOSYNTHESIS,vanilla,False,False,False,none
CD4,REACTOME_HS_GAG_BIOSYNTHESIS,genept,False,False,False,none
CD4,REACTOME_HS_GAG_BIOSYNTHESIS,l2,False,False,False,none
CD4,REACTOME_INOSITOL_PHOSPHATE_METABOLISM,vanilla,True,False,True,early
CD4,REACTOME_INOSITOL_PHOSPHATE_METABOLISM,genept,False,False,True,endpoint_only
CD4,REACTOME_INOSITOL_PHOSPHATE_METABOLISM,l2,True,False,True,early
CD4,REACTOME_INTEGRATION_OF_ENERGY_METABOLISM,vanilla,True,True,True,persistent
CD4,REACTOME_INTEGRATION_OF_ENERGY_METABOLISM,genept,True,True,True,persistent
CD4,REACTOME_INTEGRATION_OF_ENERGY_METABOLISM,l2,True,True,True,persistent
CD4,REACTOME_KERATAN_SULFATE_BIOSYNTHESIS,vanilla,False,False,False,none
CD4,REACTOME_KERATAN_SULFATE_BIOSYNTHESIS,genept,False,False,False,none
CD4,REACTOME_KERATAN_SULFATE_BIOSYNTHESIS,l2,False,False,False,none
CD4,REACTOME_KERATAN_SULFATE_KERATIN_METABOLISM,vanilla,False,False,True,endpoint_only
CD4,REACTOME_KERATAN_SULFATE_KERATIN_METABOLISM,genept,False,False,False,none
CD4,REACTOME_KERATAN_SULFATE_KERATIN_METABOLISM,l2,False,False,False,none
CD4,REACTOME_METABOLIC_DISORDERS_OF_BIOLOGICAL_OXIDATION_ENZYMES,vanilla,False,False,True,endpoint_only
CD4,REACTOME_METABOLIC_DISORDERS_OF_BIOLOGICAL_OXIDATION_ENZYMES,genept,False,False,True,endpoint_only
CD4,REACTOME_METABOLIC_DISORDERS_OF_BIOLOGICAL_OXIDATION_ENZYMES,l2,False,False,False,none
CD4,REACTOME_METABOLISM_OF_AMINO_ACIDS_AND_DERIVATIVES,vanilla,True,True,True,persistent
CD4,REACTOME_METABOLISM_OF_AMINO_ACIDS_AND_DERIVATIVES,genept,True,True,True,persistent
CD4,REACTOME_METABOLISM_OF_AMINO_ACIDS_AND_DERIVATIVES,l2,True,True,True,persistent
CD4,REACTOME_METABOLISM_OF_CARBOHYDRATES,vanilla,True,True,True,persistent
CD4,REACTOME_METABOLISM_OF_CARBOHYDRATES,genept,True,True,True,persistent
CD4,REACTOME_METABOLISM_OF_CARBOHYDRATES,l2,True,True,True,persistent
CD4,REACTOME_METABOLISM_OF_COFACTORS,vanilla,True,True,True,persistent
CD4,REACTOME_METABOLISM_OF_COFACTORS,genept,True,True,True,persistent
CD4,REACTOME_METABOLISM_OF_COFACTORS,l2,True,False,True,early
CD4,REACTOME_METABOLISM_OF_FAT_SOLUBLE_VITAMINS,vanilla,False,False,True,endpoint_only
CD4,REACTOME_METABOLISM_OF_FAT_SOLUBLE_VITAMINS,genept,False,False,False,none
CD4,REACTOME_METABOLISM_OF_FAT_SOLUBLE_VITAMINS,l2,False,False,False,none
CD4,REACTOME_METABOLISM_OF_FOLATE_AND_PTERINES,vanilla,True,False,True,early
CD4,REACTOME_METABOLISM_OF_FOLATE_AND_PTERINES,genept,True,False,True,early
CD4,REACTOME_METABOLISM_OF_FOLATE_AND_PTERINES,l2,False,False,True,endpoint_only
CD4,REACTOME_METABOLISM_OF_NUCLEOTIDES,vanilla,True,True,True,persistent
CD4,REACTOME_METABOLISM_OF_NUCLEOTIDES,genept,True,True,True,persistent
CD4,REACTOME_METABOLISM_OF_NUCLEOTIDES,l2,True,True,True,persistent
CD4,REACTOME_METABOLISM_OF_POLYAMINES,vanilla,True,True,True,persistent
CD4,REACTOME_METABOLISM_OF_POLYAMINES,genept,True,True,True,persistent
CD4,REACTOME_METABOLISM_OF_POLYAMINES,l2,True,True,True,persistent
CD4,REACTOME_METABOLISM_OF_PORPHYRINS,vanilla,False,False,True,endpoint_only
CD4,REACTOME_METABOLISM_OF_PORPHYRINS,genept,False,False,True,endpoint_only
CD4,REACTOME_METABOLISM_OF_PORPHYRINS,l2,False,False,False,none
CD4,REACTOME_METABOLISM_OF_STEROIDS,vanilla,True,True,True,persistent
CD4,REACTOME_METABOLISM_OF_STEROIDS,genept,True,True,True,persistent
CD4,REACTOME_METABOLISM_OF_STEROIDS,l2,True,True,True,persistent
CD4,REACTOME_METABOLISM_OF_STEROID_HORMONES,vanilla,True,False,True,early
CD4,REACTOME_METABOLISM_OF_STEROID_HORMONES,genept,False,False,True,endpoint_only
CD4,REACTOME_METABOLISM_OF_STEROID_HORMONES,l2,False,False,False,none
CD4,REACTOME_METABOLISM_OF_VITAMINS_AND_COFACTORS,vanilla,True,True,True,persistent
CD4,REACTOME_METABOLISM_OF_VITAMINS_AND_COFACTORS,genept,True,True,True,persistent
CD4,REACTOME_METABOLISM_OF_VITAMINS_AND_COFACTORS,l2,True,True,True,persistent
CD4,REACTOME_METABOLISM_OF_WATER_SOLUBLE_VITAMINS_AND_COFACTORS,vanilla,True,True,True,persistent
CD4,REACTOME_METABOLISM_OF_WATER_SOLUBLE_VITAMINS_AND_COFACTORS,genept,True,True,True,persistent
CD4,REACTOME_METABOLISM_OF_WATER_SOLUBLE_VITAMINS_AND_COFACTORS,l2,True,False,True,early
CD4,REACTOME_MITOCHONDRIAL_FATTY_ACID_BETA_OXIDATION,vanilla,True,True,True,persistent
CD4,REACTOME_MITOCHONDRIAL_FATTY_ACID_BETA_OXIDATION,genept,True,True,True,persistent
CD4,REACTOME_MITOCHONDRIAL_FATTY_ACID_BETA_OXIDATION,l2,True,True,True,persistent
CD4,REACTOME_NICOTINATE_METABOLISM,vanilla,True,False,True,early
CD4,REACTOME_NICOTINATE_METABOLISM,genept,True,False,True,early
CD4,REACTOME_NICOTINATE_METABOLISM,l2,True,False,True,early
CD4,REACTOME_NUCLEOBASE_CATABOLISM,vanilla,True,True,True,persistent
CD4,REACTOME_NUCLEOBASE_CATABOLISM,genept,True,False,True,early
CD4,REACTOME_NUCLEOBASE_CATABOLISM,l2,True,False,True,early
CD4,REACTOME_PEPTIDE_HORMONE_METABOLISM,vanilla,True,False,True,early
CD4,REACTOME_PEPTIDE_HORMONE_METABOLISM,genept,True,False,True,early
CD4,REACTOME_PEPTIDE_HORMONE_METABOLISM,l2,True,True,True,persistent
CD4,REACTOME_PEROXISOMAL_LIPID_METABOLISM,vanilla,False,False,True,endpoint_only
CD4,REACTOME_PEROXISOMAL_LIPID_METABOLISM,genept,False,False,True,endpoint_only
CD4,REACTOME_PEROXISOMAL_LIPID_METABOLISM,l2,False,False,False,none
CD4,REACTOME_PHOSPHOLIPID_METABOLISM,vanilla,True,True,True,persistent
CD4,REACTOME_PHOSPHOLIPID_METABOLISM,genept,True,False,True,early
CD4,REACTOME_PHOSPHOLIPID_METABOLISM,l2,True,True,True,persistent
CD4,REACTOME_PI_METABOLISM,vanilla,True,False,True,early
CD4,REACTOME_PI_METABOLISM,genept,True,False,True,early
CD4,REACTOME_PI_METABOLISM,l2,True,False,True,early
CD4,REACTOME_PYRUVATE_METABOLISM,vanilla,True,False,True,early
CD4,REACTOME_PYRUVATE_METABOLISM,genept,True,True,True,persistent
CD4,REACTOME_PYRUVATE_METABOLISM,l2,True,False,True,early
CD4,REACTOME_PYRUVATE_METABOLISM_AND_CITRIC_ACID_TCA_CYCLE,vanilla,True,True,True,persistent
CD4,REACTOME_PYRUVATE_METABOLISM_AND_CITRIC_ACID_TCA_CYCLE,genept,True,True,True,persistent
CD4,REACTOME_PYRUVATE_METABOLISM_AND_CITRIC_ACID_TCA_CYCLE,l2,True,False,True,early
CD4,REACTOME_REGULATION_OF_CHOLESTEROL_BIOSYNTHESIS_BY_SREBP_SREBF,vanilla,True,True,True,persistent
CD4,REACTOME_REGULATION_OF_CHOLESTEROL_BIOSYNTHESIS_BY_SREBP_SREBF,genept,True,True,True,persistent
CD4,REACTOME_REGULATION_OF_CHOLESTEROL_BIOSYNTHESIS_BY_SREBP_SREBF,l2,True,True,True,persistent
CD4,REACTOME_REGULATION_OF_LIPID_METABOLISM_BY_PPARALPHA,vanilla,True,True,True,persistent
CD4,REACTOME_REGULATION_OF_LIPID_METABOLISM_BY_PPARALPHA,genept,False,True,True,late
CD4,REACTOME_REGULATION_OF_LIPID_METABOLISM_BY_PPARALPHA,l2,True,True,True,persistent
CD4,REACTOME_RESPIRATORY_ELECTRON_TRANSPORT,vanilla,True,True,True,persistent
CD4,REACTOME_RESPIRATORY_ELECTRON_TRANSPORT,genept,True,True,True,persistent
CD4,REACTOME_RESPIRATORY_ELECTRON_TRANSPORT,l2,True,True,True,persistent
CD4,REACTOME_SIALIC_ACID_METABOLISM,vanilla,False,False,True,endpoint_only
CD4,REACTOME_SIALIC_ACID_METABOLISM,genept,False,False,True,endpoint_only
CD4,REACTOME_SIALIC_ACID_METABOLISM,l2,False,False,False,none
CD4,REACTOME_SPHINGOLIPID_DE_NOVO_BIOSYNTHESIS,vanilla,False,False,True,endpoint_only
CD4,REACTOME_SPHINGOLIPID_DE_NOVO_BIOSYNTHESIS,genept,False,False,True,endpoint_only
CD4,REACTOME_SPHINGOLIPID_DE_NOVO_BIOSYNTHESIS,l2,False,False,True,endpoint_only
CD4,REACTOME_SPHINGOLIPID_METABOLISM,vanilla,True,False,True,early
CD4,REACTOME_SPHINGOLIPID_METABOLISM,genept,False,False,True,endpoint_only
CD4,REACTOME_SPHINGOLIPID_METABOLISM,l2,True,False,True,early
CD4,REACTOME_SULFUR_AMINO_ACID_METABOLISM,vanilla,True,False,True,early
CD4,REACTOME_SULFUR_AMINO_ACID_METABOLISM,genept,True,True,True,persistent
CD4,REACTOME_SULFUR_AMINO_ACID_METABOLISM,l2,True,False,True,early
CD4,REACTOME_SYNTHESIS_OF_ACTIVE_UBIQUITIN_ROLES_OF_E1_AND_E2_ENZYMES,vanilla,True,False,True,early
CD4,REACTOME_SYNTHESIS_OF_ACTIVE_UBIQUITIN_ROLES_OF_E1_AND_E2_ENZYMES,genept,True,False,True,early
CD4,REACTOME_SYNTHESIS_OF_ACTIVE_UBIQUITIN_ROLES_OF_E1_AND_E2_ENZYMES,l2,True,False,True,early
CD4,REACTOME_SYNTHESIS_OF_BILE_ACIDS_AND_BILE_SALTS,vanilla,False,False,True,endpoint_only
CD4,REACTOME_SYNTHESIS_OF_BILE_ACIDS_AND_BILE_SALTS,genept,False,False,False,none
CD4,REACTOME_SYNTHESIS_OF_BILE_ACIDS_AND_BILE_SALTS,l2,False,False,False,none
CD4,REACTOME_SYNTHESIS_OF_GLYCOSYLPHOSPHATIDYLINOSITOL_GPI,vanilla,False,False,True,endpoint_only
CD4,REACTOME_SYNTHESIS_OF_GLYCOSYLPHOSPHATIDYLINOSITOL_GPI,genept,False,False,False,none
CD4,REACTOME_SYNTHESIS_OF_GLYCOSYLPHOSPHATIDYLINOSITOL_GPI,l2,False,False,False,none
CD4,REACTOME_SYNTHESIS_OF_IP3_AND_IP4_IN_THE_CYTOSOL,vanilla,True,False,True,early
CD4,REACTOME_SYNTHESIS_OF_IP3_AND_IP4_IN_THE_CYTOSOL,genept,True,False,True,early
CD4,REACTOME_SYNTHESIS_OF_IP3_AND_IP4_IN_THE_CYTOSOL,l2,False,False,False,none
CD4,REACTOME_SYNTHESIS_OF_PA,vanilla,False,False,True,endpoint_only
CD4,REACTOME_SYNTHESIS_OF_PA,genept,False,False,True,endpoint_only
CD4,REACTOME_SYNTHESIS_OF_PA,l2,False,False,False,none
CD4,REACTOME_SYNTHESIS_OF_PC,vanilla,True,False,True,early
CD4,REACTOME_SYNTHESIS_OF_PC,genept,True,False,True,early
CD4,REACTOME_SYNTHESIS_OF_PC,l2,False,False,True,endpoint_only
CD4,REACTOME_SYNTHESIS_OF_PIPS_AT_THE_EARLY_ENDOSOME_MEMBRANE,vanilla,False,False,False,none
CD4,REACTOME_SYNTHESIS_OF_PIPS_AT_THE_EARLY_ENDOSOME_MEMBRANE,genept,False,False,False,none
CD4,REACTOME_SYNTHESIS_OF_PIPS_AT_THE_EARLY_ENDOSOME_MEMBRANE,l2,False,False,False,none
CD4,REACTOME_SYNTHESIS_OF_PIPS_AT_THE_GOLGI_MEMBRANE,vanilla,False,False,True,endpoint_only
CD4,REACTOME_SYNTHESIS_OF_PIPS_AT_THE_GOLGI_MEMBRANE,genept,False,False,True,endpoint_only
CD4,REACTOME_SYNTHESIS_OF_PIPS_AT_THE_GOLGI_MEMBRANE,l2,False,False,False,none
CD4,REACTOME_SYNTHESIS_OF_PIPS_AT_THE_PLASMA_MEMBRANE,vanilla,True,False,True,early
CD4,REACTOME_SYNTHESIS_OF_PIPS_AT_THE_PLASMA_MEMBRANE,genept,True,False,True,early
CD4,REACTOME_SYNTHESIS_OF_PIPS_AT_THE_PLASMA_MEMBRANE,l2,True,False,True,early
CD4,REACTOME_SYNTHESIS_OF_SUBSTRATES_IN_N_GLYCAN_BIOSYTHESIS,vanilla,True,False,True,early
CD4,REACTOME_SYNTHESIS_OF_SUBSTRATES_IN_N_GLYCAN_BIOSYTHESIS,genept,True,True,True,persistent
CD4,REACTOME_SYNTHESIS_OF_SUBSTRATES_IN_N_GLYCAN_BIOSYTHESIS,l2,True,True,True,persistent
CD4,REACTOME_SYNTHESIS_OF_VERY_LONG_CHAIN_FATTY_ACYL_COAS,vanilla,False,False,False,none
CD4,REACTOME_SYNTHESIS_OF_VERY_LONG_CHAIN_FATTY_ACYL_COAS,genept,False,False,True,endpoint_only
CD4,REACTOME_SYNTHESIS_OF_VERY_LONG_CHAIN_FATTY_ACYL_COAS,l2,False,False,False,none
CD4,REACTOME_TP53_REGULATES_METABOLIC_GENES,vanilla,True,True,True,persistent
CD4,REACTOME_TP53_REGULATES_METABOLIC_GENES,genept,True,True,True,persistent
CD4,REACTOME_TP53_REGULATES_METABOLIC_GENES,l2,True,True,True,persistent
CD4,REACTOME_TRIGLYCERIDE_CATABOLISM,vanilla,True,False,True,early
CD4,REACTOME_TRIGLYCERIDE_CATABOLISM,genept,True,False,True,early
CD4,REACTOME_TRIGLYCERIDE_CATABOLISM,l2,True,False,True,early
CD4,REACTOME_TRIGLYCERIDE_METABOLISM,vanilla,True,True,True,persistent
CD4,REACTOME_TRIGLYCERIDE_METABOLISM,genept,True,False,True,early
CD4,REACTOME_TRIGLYCERIDE_METABOLISM,l2,True,False,True,early
CD4,REACTOME_VITAMIN_B5_PANTOTHENATE_METABOLISM,vanilla,False,False,True,endpoint_only
CD4,REACTOME_VITAMIN_B5_PANTOTHENATE_METABOLISM,genept,False,False,True,endpoint_only
CD4,REACTOME_VITAMIN_B5_PANTOTHENATE_METABOLISM,l2,False,False,False,none
