scope,scenario,strength,method,n,recall_at_3_mean,recall_at_3_sd,recall_at_5_mean,recall_at_5_sd,recall_at_10_mean,recall_at_10_sd,average_precision_mean,average_precision_sd,ndcg_at_3_mean,ndcg_at_3_sd,ndcg_at_5_mean,ndcg_at_5_sd,ndcg_at_10_mean,ndcg_at_10_sd
all_non_null,ALL_NON_NULL,ALL,vanilla_scpa,1320,0.29318783068783066,0.2258649534689115,0.40367574555074553,0.2678136102670463,0.5576605339105338,0.2854804449482774,0.48201272023543235,0.2506054492378437,0.503115303216772,0.3564522771693996,0.484855273873961,0.3102971102350523,0.5269960796364339,0.2823298712713845
truth_fallback,NO_FALLBACK,ALL,vanilla_scpa,800,0.2661081349206349,0.2030676682197771,0.3892242063492064,0.2571656924819635,0.5503214285714286,0.29737065977767657,0.4714846079822908,0.25385912138385214,0.4850840386898452,0.3528677188110744,0.4777092349492611,0.3100168482904568,0.5149289389487336,0.2864105877936586
truth_fallback,FALLBACK,ALL,vanilla_scpa,520,0.3348489010989011,0.2515907995346657,0.4259088827838828,0.2822248065883055,0.5689514652014652,0.26603812733871296,0.4982098160094965,0.24487449551814758,0.5308557101812749,0.36047912109732233,0.4958491799119606,0.31070507705432054,0.5455609114636648,0.27517447599054146
scenario,null,ALL,vanilla_scpa,220,0.1677344877344877,0.17953607635599894,0.2128102453102453,0.1798192342985613,0.38222222222222224,0.2667852112112532,0.30264752719350096,0.16226633689920852,0.2450740717928744,0.25937094800664173,0.24204409794006954,0.20936734062893236,0.3226321101762274,0.22991348439886394
scenario_strength,null,0.0,vanilla_scpa,220,0.1677344877344877,0.17953607635599894,0.2128102453102453,0.1798192342985613,0.38222222222222224,0.2667852112112532,0.30264752719350096,0.16226633689920852,0.2450740717928744,0.25937094800664173,0.24204409794006954,0.20936734062893236,0.3226321101762274,0.22991348439886394
scenario,mean_shift,ALL,vanilla_scpa,440,0.29755681818181823,0.23301819934671014,0.43877976190476187,0.29627654674703807,0.6020247113997114,0.32243152787411383,0.5213072300760268,0.29083514858607723,0.5291012307439317,0.3920489401759753,0.5208460570697083,0.3468345095698181,0.5584071125239503,0.31882784395964503
scenario_strength,mean_shift,0.5,vanilla_scpa,220,0.20902417027417028,0.22276831578388046,0.3208351370851371,0.2666324213916448,0.46591269841269833,0.2807099713358965,0.3842433266157799,0.22837806036554553,0.36808062882903114,0.34012597413486834,0.37283472839762605,0.2977508646218291,0.41608706558978753,0.2728727655014758
scenario_strength,mean_shift,1.0,vanilla_scpa,220,0.3860894660894661,0.20849348663497336,0.5567243867243868,0.2773421129050572,0.7381367243867244,0.3039385683158831,0.6583711335362734,0.28223264961814054,0.6901218326588322,0.3746049272070972,0.6688573857417904,0.3293437279933844,0.7007271594581129,0.2976777352610721
scenario,cell_subset,ALL,vanilla_scpa,440,0.22455898268398267,0.18869600214925553,0.31834505772005767,0.22839275232304934,0.48426677489177494,0.26584269497150337,0.38147914717562026,0.18607341832728955,0.36536367775478107,0.28130246338325665,0.3647918562191965,0.24437136063874648,0.4313870339158806,0.24090999432059457
scenario_strength,cell_subset,0.5,vanilla_scpa,220,0.22557359307359306,0.19433351237096436,0.30654581529581526,0.23127004652599087,0.46606421356421357,0.26626261202405876,0.37034694365355975,0.18924541571612785,0.3551809287665327,0.2828732271015107,0.3478205588895077,0.2432683289791362,0.41400080621867363,0.24494342050667026
scenario_strength,cell_subset,1.0,vanilla_scpa,220,0.2235443722943723,0.18332311762700162,0.33014430014430013,0.22538663864971653,0.5024693362193362,0.264775207992223,0.3926113506976807,0.1825977007795395,0.37554642674302957,0.2799962403928764,0.38176315354888535,0.24484535058600299,0.44877326161308756,0.236084012762799
scenario,mixed_direction,ALL,vanilla_scpa,440,0.3574476911976912,0.23344200284336725,0.453902417027417,0.2539579354569847,0.5866901154401155,0.24903394350288188,0.5432517834546502,0.23248791031966604,0.6148810011516033,0.34162042691365296,0.5689279083329779,0.2940226986292784,0.5911940924694707,0.25597501400919365
scenario_strength,mixed_direction,0.5,vanilla_scpa,220,0.2619065656565656,0.23843760114469711,0.34078463203463205,0.24176289574398258,0.47934523809523816,0.23983728938541007,0.4191827001676392,0.21428878998119041,0.4421537284243305,0.33452037333298895,0.41881893107815,0.2859411211993594,0.45800419639949586,0.2499172710524499
scenario_strength,mixed_direction,1.0,vanilla_scpa,220,0.4529888167388168,0.1845185873727928,0.567020202020202,0.2124296179534138,0.6940349927849928,0.20891623651423433,0.6673208667416615,0.1774866937201626,0.787608273878876,0.24919102056212175,0.719036885587806,0.21508121133783503,0.7243839885394455,0.1823344841623712
all_non_null,ALL_NON_NULL,ALL,genept_scpa,1320,0.3691414141414141,0.22994991287035801,0.4629157647907648,0.25517038596464536,0.6031724987974988,0.2617298642455414,0.5541004385399261,0.2382612953773942,0.6161000034657396,0.3294115904808939,0.5715627420520967,0.28393099523786197,0.6050650032210869,0.2591606237741926
truth_fallback,NO_FALLBACK,ALL,genept_scpa,800,0.33468005952380947,0.21230806966445065,0.43995684523809525,0.2594926334909174,0.5949563492063492,0.272688104563503,0.5430170927668828,0.24446542861156725,0.5925077929786978,0.33087464794292093,0.5602582477276394,0.29462948142261497,0.5921227794363877,0.2687581282548068
truth_fallback,FALLBACK,ALL,genept_scpa,520,0.4221588827838828,0.24564924790382095,0.49823717948717944,0.2444386529754085,0.615812728937729,0.24362806826949085,0.5711517397292231,0.22756652117897494,0.6523957119073421,0.3241234328304721,0.5889542717820309,0.2659756414037851,0.6249761167360086,0.24256555625534093
scenario,null,ALL,genept_scpa,220,0.19686507936507938,0.18042560078932565,0.2788275613275613,0.18692292965627028,0.4836038961038961,0.2678074907570408,0.33725652628154323,0.1381712454704255,0.31884360332981276,0.26636306139301047,0.31628213794007665,0.20116513075780726,0.397220653192241,0.20230109035480381
scenario_strength,null,0.0,genept_scpa,220,0.19686507936507938,0.18042560078932565,0.2788275613275613,0.18692292965627028,0.4836038961038961,0.2678074907570408,0.33725652628154323,0.1381712454704255,0.31884360332981276,0.26636306139301047,0.31628213794007665,0.20116513075780726,0.397220653192241,0.20230109035480381
scenario,mean_shift,ALL,genept_scpa,440,0.4608125901875902,0.2125450923465535,0.5941838023088022,0.23005626335550908,0.7391405122655121,0.22608479004859136,0.6988713053716628,0.21373339168427544,0.7746579791399839,0.2562846119245139,0.7304430194450516,0.23029648150149165,0.7526948189694278,0.2090809673463388
scenario_strength,mean_shift,0.5,genept_scpa,220,0.443255772005772,0.23347999817797632,0.5399837662337662,0.22803306542894394,0.6967243867243866,0.25251663516518,0.6474821512216253,0.2187902686067909,0.7297620023032064,0.27390575642412923,0.6716454951840624,0.23916315294645973,0.707442515112772,0.22861880706365384
scenario_strength,mean_shift,1.0,genept_scpa,220,0.47836940836940844,0.188215049154213,0.6483838383838384,0.21952732124850718,0.7815566378066379,0.18730383477981197,0.7502604595217002,0.19595287598254052,0.8195539559767613,0.22932390389702753,0.7892405437060409,0.2053539161102662,0.7979471228260836,0.17677248356962844
scenario,cell_subset,ALL,genept_scpa,440,0.26072691197691195,0.21357565190506875,0.3453841991341991,0.25617002305133674,0.5008811327561328,0.28755415203115003,0.4118321642303211,0.2092178038349339,0.4124939290626307,0.30995818977926426,0.4006770010755362,0.27182938785690286,0.4580246801119735,0.26187936053371536
scenario_strength,cell_subset,0.5,genept_scpa,220,0.24823773448773448,0.222983045615908,0.33329725829725826,0.2611491851199798,0.4907016594516594,0.29080409651137934,0.4026939711472154,0.2170640910061438,0.39344896061596374,0.32087787849095833,0.3871449990505074,0.2798777755021852,0.4468934728957689,0.2697197375186622
scenario_strength,cell_subset,1.0,genept_scpa,220,0.27321608946608944,0.20347624337894019,0.35747113997114005,0.251104342517491,0.5110606060606061,0.28456481946154116,0.4209703573134268,0.20114536054922594,0.43153889750929775,0.29815349447939776,0.4142090031005651,0.26347744373491283,0.4691558873281781,0.25392336912139246
scenario,mixed_direction,ALL,genept_scpa,440,0.38588474025974023,0.2181687568604683,0.44917929292929293,0.21395944834138655,0.5694958513708513,0.20460805409946026,0.5515978460177942,0.19952673646976085,0.6611481021946041,0.3090190083620172,0.5835682056357019,0.24612326327429251,0.6044755105818593,0.2144489686576842
scenario_strength,mixed_direction,0.5,genept_scpa,220,0.32380772005772007,0.24039431862390706,0.37511724386724393,0.2333095972318823,0.49991161616161617,0.22376740732560413,0.4734685307856505,0.21268472374010539,0.5369991105847144,0.3239468050314008,0.479844645421917,0.2619248620289446,0.5188179705801899,0.2390386348490877
scenario_strength,mixed_direction,1.0,genept_scpa,220,0.44796176046176045,0.17286069539282448,0.523241341991342,0.16221125289016203,0.6390800865800864,0.1553063761639752,0.6297271612499379,0.14934759660827224,0.7852970938044936,0.23561260691939098,0.6872917658494869,0.17666320535512878,0.6901330505835286,0.1424984527566369
