source_cell_id,pseudo_condition,within_condition_index,cohort_seed
ATGCATGTCCTCAGGG-1_1,A,1,20260810
GTCGTTCAGGGTGGGA-1_1,A,2,20260810
AGGTAGGAGGTAACTA-1_1,A,3,20260810
GTGGAAGCATACATCG-1_1,A,4,20260810
ACCAACAGTACCCGAC-1_1,A,5,20260810
ACACGCGCATTGTACG-1_1,A,6,20260810
CCTAAGATCTCTGACC-1_1,A,7,20260810
GGTAACTTCCTGCCAT-1_1,A,8,20260810
AGCTCAAAGATTAGAC-1_1,A,9,20260810
ACAGCCGAGCTGTACT-1_1,A,10,20260810
CTCAGAAAGACAAGCC-1_1,A,11,20260810
GGAGATGAGCAGCCTC-1_1,A,12,20260810
CCACAAATCTGACAGT-1_1,A,13,20260810
CGCCAGAAGGCTCACC-1_1,A,14,20260810
CTAACCCGTACCGCGT-1_1,A,15,20260810
AGATGCTCAGTTCTAG-1_1,A,16,20260810
TGGATGTGTCTTGTCC-1_1,A,17,20260810
ACTTCGCAGGACGCTA-1_1,A,18,20260810
AGACACTAGGAAGTCC-1_1,A,19,20260810
TAGACCATCAACACGT-1_1,A,20,20260810
GGCGTCAGTACCATAC-1_1,A,21,20260810
TAACACGCAGATACCT-1_1,A,22,20260810
GGGCTACCAGACACCC-1_1,A,23,20260810
TGAGACTTCCTTCTTC-1_1,A,24,20260810
GGGACCTGTTGTGTTG-1_1,A,25,20260810
GTAGATCTCTCTCTAA-1_1,A,26,20260810
AATGCCAAGCGTGCTC-1_1,A,27,20260810
TGTTCCGAGGGCCTCT-1_1,A,28,20260810
CCTCTCCAGGTAGGCT-1_1,A,29,20260810
GGTAGAGTCGGAACTT-1_1,A,30,20260810
GATCCCTCACACCTTC-1_1,A,31,20260810
TCAATCTTCGTAGGAG-1_1,A,32,20260810
GAAATGACACAATGCT-1_1,A,33,20260810
CTGCCTAAGTTGTCAC-1_1,A,34,20260810
CATCAAGTCATGGCCG-1_1,A,35,20260810
GTACAGTTCTTTGCAT-1_1,A,36,20260810
ATCACGACAGATCCAT-1_1,A,37,20260810
TGATCAGAGCGTGAGT-1_1,A,38,20260810
GCACATACAAGCGAAC-1_1,A,39,20260810
TCATGCCAGCAGTACG-1_1,A,40,20260810
CAAGGGAGTTGCCGCA-1_1,A,41,20260810
AAACGCTGTGAATTGA-1_1,A,42,20260810
AGATGAAGTCGTATTG-1_1,A,43,20260810
ATCACTTGTTCTCCTG-1_1,A,44,20260810
TAGGTTGAGAGCCCAA-1_1,A,45,20260810
AGGTAGGAGTTCTCTT-1_1,A,46,20260810
CTCAATTTCGACATAC-1_1,A,47,20260810
GGTTGTACACAAATAG-1_1,A,48,20260810
ATGCGATCATCCGGCA-1_1,A,49,20260810
AGTCAACAGGCATTTC-1_1,A,50,20260810
GGCAGTCCATAGGTTC-1_1,A,51,20260810
GCCATTCTCTGTCCCA-1_1,A,52,20260810
CCTCACAGTTATAGAG-1_1,A,53,20260810
TCTCAGCCAACCAATC-1_1,A,54,20260810
TTCCTAACACGTATAC-1_1,A,55,20260810
GATCATGAGTTGGCGA-1_1,A,56,20260810
TGATGCAGTGGTATGG-1_1,A,57,20260810
GTCCCATGTTCTGACA-1_1,A,58,20260810
CTAGACATCCCAGTGG-1_1,A,59,20260810
CATACCCGTTTGCAGT-1_1,A,60,20260810
CGTGCTTAGGCTTAAA-1_1,A,61,20260810
GGTTGTAAGGCGCTCT-1_1,A,62,20260810
AGGTCATGTGTGTGTT-1_1,A,63,20260810
GCAGCTGGTGTGTCCG-1_1,A,64,20260810
ATGAAAGCAAAGCACG-1_1,A,65,20260810
TGCATGATCCGCGGAT-1_1,A,66,20260810
CTCCCAATCTAATTCC-1_1,A,67,20260810
ACGATCAGTGTACGCC-1_1,A,68,20260810
GCACATAGTAAGCAAT-1_1,A,69,20260810
TTCCTCTGTGAATAAC-1_1,A,70,20260810
GACCCAGGTTGCTCGG-1_1,A,71,20260810
TACGGGCGTCTAATCG-1_1,A,72,20260810
CAACGGCAGGTTCATC-1_1,A,73,20260810
AGATAGACAACACGAG-1_1,A,74,20260810
ACACCAATCGATTGAC-1_1,A,75,20260810
ATCGGCGCATAAGATG-1_1,A,76,20260810
AGGAAATTCAGTCCGG-1_1,A,77,20260810
TGCTCCAAGAGAGAAC-1_1,A,78,20260810
CGAGGCTAGCGCCCAT-1_1,A,79,20260810
TTCGCTGGTGCCTTCT-1_1,A,80,20260810
AAGTGAACAAGAGTTA-1_1,A,81,20260810
GACACGCCAACGACTT-1_1,A,82,20260810
CCAAGCGTCTCGTGGG-1_1,A,83,20260810
GATAGAATCGATGCAT-1_1,A,84,20260810
ATCATTCGTGTGGACA-1_1,A,85,20260810
ACTTCCGCATCCCGTT-1_1,A,86,20260810
CTGCCATTCCATCGTC-1_1,A,87,20260810
TTTACTGCAATCGCGC-1_1,A,88,20260810
TCTGGCTAGGACTAAT-1_1,A,89,20260810
TGTAAGCTCCCGGTAG-1_1,A,90,20260810
GCATCGGTCGCGATCG-1_1,A,91,20260810
GTCTAGAAGGATTTGA-1_1,A,92,20260810
TAAGCGTGTCAAATCC-1_1,A,93,20260810
TCATGTTGTAGCTGAG-1_1,A,94,20260810
TCATTTGTCCATTTCA-1_1,A,95,20260810
AATGGAAGTATGAAAC-1_1,A,96,20260810
GAGGCAAAGGGTGGGA-1_1,A,97,20260810
GTCAAGTCATACAGCT-1_1,A,98,20260810
TCCTGCATCATCTGTT-1_1,A,99,20260810
ATCGGATTCGGCTTGG-1_1,A,100,20260810
ACCCTTGAGATTGATG-1_1,A,101,20260810
AGATGAACAGGTACGA-1_1,A,102,20260810
AGTTCCCCAATGGGTG-1_1,A,103,20260810
TTACTGTCACAAGGTG-1_1,A,104,20260810
ACACTGATCATCTACT-1_1,A,105,20260810
GCACGTGCAACCACGC-1_1,A,106,20260810
TACCGAAAGGAAGAAC-1_1,A,107,20260810
ACAAAGAAGGAGACCT-1_1,A,108,20260810
CTCCAACAGAGAGAAC-1_1,A,109,20260810
GTAACACCACCGGAAA-1_1,A,110,20260810
AATGAAGTCATCGGGC-1_1,A,111,20260810
GTGATGTCACCAGCTG-1_1,A,112,20260810
GCCAGTGAGACTCTTG-1_1,A,113,20260810
ATTCACTCACACTTAG-1_1,A,114,20260810
GGGACCTTCATTGTTC-1_1,A,115,20260810
CAGCAATGTCTAATCG-1_1,A,116,20260810
TTCACGCCACGCGGTT-1_1,A,117,20260810
ACTTCCGGTACAGAGC-1_1,A,118,20260810
GGTGAAGAGGTCACTT-1_1,A,119,20260810
TTGAGTGTCTTCTTCC-1_1,A,120,20260810
ATGACCACATAGAATG-1_1,A,121,20260810
TCCCACATCGCATTGA-1_1,A,122,20260810
CTGTAGAGTTTGCAGT-1_1,A,123,20260810
GGAGCAAAGCAAGGAA-1_1,A,124,20260810
TCACATTGTCGTATTG-1_1,A,125,20260810
GATGAGGTCCGCATAA-1_1,A,126,20260810
GATGGAGCATGGCCCA-1_1,A,127,20260810
AACGAAAGTCACTAGT-1_1,A,128,20260810
TTGGATGGTTGGGCCT-1_1,A,129,20260810
GGCGTCAGTACGGTTT-1_1,A,130,20260810
TCATCATTCTAAGAAG-1_1,A,131,20260810
GGGACAAAGTTGGCGA-1_1,A,132,20260810
ACAAGCTCATTCAGGT-1_1,A,133,20260810
ATCCACCTCCTCTCTT-1_1,A,134,20260810
TACCCACTCTCGAGTA-1_1,A,135,20260810
GATCCCTGTGATATAG-1_1,A,136,20260810
GGGTAGATCCATGATG-1_1,A,137,20260810
TGTAACGGTCTAGATC-1_1,A,138,20260810
GACAGCCAGACAGTCG-1_1,A,139,20260810
TCTATCAAGGTCATCT-1_1,A,140,20260810
TACCCACTCGGCTATA-1_1,A,141,20260810
TCACGCTAGCCAAGGT-1_1,A,142,20260810
AGATGAAGTTCGAGCC-1_1,A,143,20260810
ACCTACCAGCGAAACC-1_1,A,144,20260810
CTGAGCGCAGGCTCTG-1_1,A,145,20260810
CGTGAATCACTAGTAC-1_1,A,146,20260810
GGTCACGTCAGCCTTC-1_1,A,147,20260810
ATTCTTGTCACTCGAA-1_1,A,148,20260810
GTCTAGAGTCCCGGTA-1_1,A,149,20260810
CCCTGATTCCAAACCA-1_1,A,150,20260810
CTTCGGTAGGTACCTT-1_1,A,151,20260810
GGGTATTCACAGTATC-1_1,A,152,20260810
TGGATGTTCGGCTGAC-1_1,A,153,20260810
CGTCAAACATAATGCC-1_1,A,154,20260810
GTAGATCAGATGGGCT-1_1,A,155,20260810
TTGGGTAGTATCGAGG-1_1,A,156,20260810
TTGCATTAGCGCTTCG-1_1,A,157,20260810
TAACTTCTCTAGTTCT-1_1,A,158,20260810
CGTTAGACACAACGCC-1_1,A,159,20260810
GCAGCCAAGTGCACTT-1_1,A,160,20260810
TTACAGGAGAGCTTTC-1_1,A,161,20260810
GTTGTGAGTGCTGCAC-1_1,A,162,20260810
GAGAGGTCAGTATGAA-1_1,A,163,20260810
CCTAAGAGTGTGACCC-1_1,A,164,20260810
CTACATTTCTGAGATC-1_1,A,165,20260810
TCCCAGTCATGAAAGT-1_1,A,166,20260810
GAAACCTAGCGTACAG-1_1,A,167,20260810
TTCTTGAGTAGCGTTT-1_1,A,168,20260810
CTTCTAATCGAGATAA-1_1,A,169,20260810
TCTTAGTGTACTCGAT-1_1,A,170,20260810
GCGAGAATCCGGTAGC-1_1,A,171,20260810
AGGCCACTCTACTTCA-1_1,A,172,20260810
TGTGATGGTGCAGTGA-1_1,A,173,20260810
ACTATGGGTGGGCTCT-1_1,A,174,20260810
TACTTACCACAGTCCG-1_1,A,175,20260810
GTAGGAGGTGTTCATG-1_1,A,176,20260810
CTGCCATGTCCTCCAT-1_1,A,177,20260810
ATCTCTACAGGTGTGA-1_1,A,178,20260810
GGGTTTATCTCGCTTG-1_1,A,179,20260810
CCTTCAGTCAGGGATG-1_1,A,180,20260810
TGACCCTCAAATGCTC-1_1,A,181,20260810
TCTCACGAGAGAACCC-1_1,A,182,20260810
GTCGAATTCGAGCCTG-1_1,A,183,20260810
TTTCACAGTGAGCAGT-1_1,A,184,20260810
GGCTGTGGTAACAGTA-1_1,A,185,20260810
TATTGCTTCGGACGTC-1_1,A,186,20260810
CATCGGGAGGAGAGTA-1_1,A,187,20260810
GTAGGTTAGGGATCTG-1_1,A,188,20260810
GCTTGGGTCTCCGATC-1_1,A,189,20260810
TGGGAGATCGGTCTGG-1_1,A,190,20260810
GTTCTATCATCTGGGC-1_1,A,191,20260810
AATCGACTCCTAGCCT-1_1,A,192,20260810
AGAGCAGCATAGGAGC-1_1,A,193,20260810
CCACGTTGTATTCCTT-1_1,A,194,20260810
TTGGGCGTCTGTCCGT-1_1,A,195,20260810
CACGTTCCAACACGTT-1_1,A,196,20260810
CACTGGGCAATCTAGC-1_1,A,197,20260810
CCACAAATCTGCTTAT-1_1,A,198,20260810
TGCCGAGTCCTTGAAG-1_1,A,199,20260810
TAGAGTCTCATGGATC-1_1,A,200,20260810
GAGTTGTTCAATGCAC-1_1,A,201,20260810
TCGGTCTTCAGATGCT-1_1,A,202,20260810
ACAGGGATCTCCTGCA-1_1,A,203,20260810
AGACCATCACTCAAGT-1_1,A,204,20260810
ACACAGTGTCGGTGTC-1_1,A,205,20260810
TGCACGGTCATCGTAG-1_1,A,206,20260810
ATACTTCAGACTCCGC-1_1,A,207,20260810
CAGCGTGAGCCGTAAG-1_1,A,208,20260810
CGAGGCTGTATGCTTG-1_1,A,209,20260810
GGGAGATGTGCGGTAA-1_1,A,210,20260810
TCATCCGCATCCGAAT-1_1,A,211,20260810
CGCGTGAAGAAGAGCA-1_1,A,212,20260810
AGATCGTCACGGCGTT-1_1,A,213,20260810
AAACGCTGTCGGCTAC-1_1,A,214,20260810
GGTGTTACATCATGAC-1_1,A,215,20260810
TACACCCGTCCCGTGA-1_1,A,216,20260810
TAATCTCCAGGATTCT-1_1,A,217,20260810
CCCTAACCAGTTACCA-1_1,A,218,20260810
CTCATCGGTCTAGGTT-1_1,A,219,20260810
AGGAGGTCAAGTTCGT-1_1,A,220,20260810
TCCTCTTGTTAAGGGC-1_1,A,221,20260810
TCTCCGAAGTATGATG-1_1,A,222,20260810
GCTGGGTAGTGCTCAT-1_1,A,223,20260810
CTGGTCTCATGAGTAA-1_1,A,224,20260810
GATTCTTAGCAAATCA-1_1,A,225,20260810
CAGTTCCAGGGCTAAC-1_1,A,226,20260810
GAGACCCCATGCCATA-1_1,A,227,20260810
CTGTGGGTCATGCCAA-1_1,A,228,20260810
CGTAATGGTAACCCGC-1_1,A,229,20260810
ACTTCCGAGCCTCAGC-1_1,A,230,20260810
TACGTCCGTAATGCGG-1_1,A,231,20260810
CTTTCGGGTCGTACAT-1_1,A,232,20260810
GACACGCTCCCATAGA-1_1,A,233,20260810
TCCGATCGTAGGACTG-1_1,A,234,20260810
GTCGTTCTCTCGCCTA-1_1,A,235,20260810
GAGGCCTCATCGAGCC-1_1,A,236,20260810
AGATGCTTCCCGAATA-1_1,A,237,20260810
GGGTAGAAGCCTCCAG-1_1,A,238,20260810
TTTAGTCTCGCAGATT-1_1,A,239,20260810
TCTCTGGCAAATGGTA-1_1,A,240,20260810
GAACGTTCAGTTGAAA-1_1,A,241,20260810
TTCGCTGTCGATACTG-1_1,A,242,20260810
TAGGTTGAGCATTTGC-1_1,A,243,20260810
GATGATCAGCGGGTTA-1_1,A,244,20260810
TTCTAGTCAAATTGGA-1_1,A,245,20260810
GCCGATGCAGAATGTA-1_1,A,246,20260810
AGTAACCTCCACTGAA-1_1,A,247,20260810
TATCAGGCAGACGGAT-1_1,A,248,20260810
GAGTTTGAGATTAGTG-1_1,A,249,20260810
CTTCCGAAGCCTTCTC-1_1,A,250,20260810
TCCCACACAGACAAGC-1_1,A,251,20260810
TACTTGTTCGAAGTGG-1_1,A,252,20260810
GAACTGTTCCAAACCA-1_1,A,253,20260810
TTGCGTCAGTGTTGAA-1_1,A,254,20260810
AGTCACATCGTACACA-1_1,A,255,20260810
TACCTGCCATGACCCG-1_1,A,256,20260810
CCACTTGCACTGCATA-1_1,A,257,20260810
TGTAAGCAGGGTACAC-1_1,A,258,20260810
AATCACGGTTTCACTT-1_1,A,259,20260810
CTTCCTTGTATGAAAC-1_1,A,260,20260810
TTTGACTGTCATATGC-1_1,A,261,20260810
TTACAGGTCGGCCAAC-1_1,A,262,20260810
GAGACTTGTGGCGTAA-1_1,A,263,20260810
GTCTGTCTCGGCATTA-1_1,A,264,20260810
AGGGTCCTCGCATGAT-1_1,A,265,20260810
TCAATTCAGTGTTGAA-1_1,A,266,20260810
TACAACGCAAATACGA-1_1,A,267,20260810
AATGGAAGTGATACTC-1_1,A,268,20260810
CGGCAGTTCACGGTCG-1_1,A,269,20260810
GAATCACCATCAGTCA-1_1,A,270,20260810
ACGGTTACACTGAGTT-1_1,A,271,20260810
TTGTTCACAGCTAACT-1_1,A,272,20260810
CCCGAAGTCGCTACAA-1_1,A,273,20260810
CGGAGAACAGGGAGAG-1_1,A,274,20260810
CTCAGTCTCCTAGCCT-1_1,A,275,20260810
ACATCCCAGGTGCTTT-1_1,A,276,20260810
TCGTGGGAGCAATAAC-1_1,A,277,20260810
TCCATCGGTCCACTTC-1_1,A,278,20260810
GAAGGGTTCCTCCACA-1_1,A,279,20260810
TCCACGTTCGTCACCT-1_1,A,280,20260810
AAGGTAAGTAGGTACG-1_1,A,281,20260810
AAGAACAGTGTGTCGC-1_1,A,282,20260810
CAGCAATCACCATATG-1_1,A,283,20260810
CGTGCTTCACATGTTG-1_1,A,284,20260810
AAAGTCCCAATCCAGT-1_1,A,285,20260810
CATCCCAGTCGAACAG-1_1,A,286,20260810
AAACCCATCATTTCGT-1_1,A,287,20260810
GGTAATCAGCGTCAAG-1_1,A,288,20260810
GTCTACCCAAGCCCAC-1_1,A,289,20260810
TCCCACAGTTTGATCG-1_1,A,290,20260810
AGATCGTTCGTTCCTG-1_1,A,291,20260810
TACAGGTGTACAATAG-1_1,A,292,20260810
AGACAAAGTTTCACAG-1_1,A,293,20260810
GTTCTATTCCATCTGC-1_1,A,294,20260810
GGGTCACTCTCAATCT-1_1,A,295,20260810
GCGTTTCCACTTTATC-1_1,A,296,20260810
TGTAGACTCACCTTAT-1_1,A,297,20260810
TTACCATAGGTATAGT-1_1,A,298,20260810
CTTCCTTGTGGATACG-1_1,A,299,20260810
TTTCATGCAGAACATA-1_1,A,300,20260810
CATCAAGGTTAAAGTG-1_1,A,301,20260810
CATGCAAGTACCTGTA-1_1,A,302,20260810
CTACCTGGTCCAACGC-1_1,A,303,20260810
TCGGGACCATAAGCAA-1_1,A,304,20260810
AGGATCTCAATGCAGG-1_1,A,305,20260810
TTGGGATAGCCATTGT-1_1,A,306,20260810
TAGTGCACAGAAGCTG-1_1,A,307,20260810
GGGAGATGTTTGTGGT-1_1,A,308,20260810
TACGCTCGTGACAACG-1_1,A,309,20260810
AGGGTCCGTAGGCTCC-1_1,A,310,20260810
CGAGTGCAGCATGCGA-1_1,A,311,20260810
AGCGCCATCGCTTGCT-1_1,A,312,20260810
TTGGATGAGTGCTAGG-1_1,A,313,20260810
TCGGGACCAAGGTCTT-1_1,A,314,20260810
TCAGCAAAGCTGCCAC-1_1,A,315,20260810
TCGGATAAGAGTGTTA-1_1,A,316,20260810
ACGGTTACAAGAGTTA-1_1,A,317,20260810
CGGGACTCAACCACAT-1_1,A,318,20260810
TAGACTGCATGTTCGA-1_1,A,319,20260810
GTCACTCAGCGACCCT-1_1,A,320,20260810
ATTTCTGTCTTACGGA-1_1,A,321,20260810
CACGTTCAGGTTCTTG-1_1,A,322,20260810
TTGGGATGTCTTGCTC-1_1,A,323,20260810
TCCATCGTCTTGCAAG-1_1,A,324,20260810
TTGAACGCACGGTGAA-1_1,A,325,20260810
AGCCAGCTCCATAAGC-1_1,A,326,20260810
CGCCATTGTCGAACGA-1_1,A,327,20260810
GCCAGCACAACCCTCT-1_1,A,328,20260810
TACGCTCGTTGTGTAC-1_1,A,329,20260810
TCCCACATCTCATAGG-1_1,A,330,20260810
CCAAGCGTCCACTGGG-1_1,A,331,20260810
GCTGAATTCTTCGATT-1_1,A,332,20260810
CTCATCGGTCTTGAGT-1_1,A,333,20260810
TCCTCCCCATTGAGGG-1_1,A,334,20260810
AGATCGTGTACAGCGA-1_1,A,335,20260810
ACAAAGAAGACGGTTG-1_1,A,336,20260810
AGGACGAGTGCATTTG-1_1,A,337,20260810
TTGACCCTCTCCGAAA-1_1,A,338,20260810
GAAGGGTCACGTATAC-1_1,A,339,20260810
ATTCCCGAGGCCTGAA-1_1,A,340,20260810
TCGTGGGTCGGTGCAC-1_1,A,341,20260810
TCGGTCTTCTTAGCCC-1_1,A,342,20260810
AGACTCATCGCTATTT-1_1,A,343,20260810
GGCGTCAGTGACAGCA-1_1,A,344,20260810
CTCCCAAGTCTCCTGT-1_1,A,345,20260810
CCTCATGGTGCTCCGA-1_1,A,346,20260810
TTTACCAAGACGAAGA-1_1,A,347,20260810
CGTAAGTTCTGGGATT-1_1,A,348,20260810
AACAGGGAGGTCTTTG-1_1,A,349,20260810
AGATAGATCTCGTGAA-1_1,A,350,20260810
GTTAGTGTCAATCTTC-1_1,A,351,20260810
CTCCATGTCCCAGGAC-1_1,A,352,20260810
TACCCACCAGACCCGT-1_1,A,353,20260810
TACTTCAGTATAGCTC-1_1,A,354,20260810
CAAAGAACAACATACC-1_1,A,355,20260810
GTTACCCGTAAGTTAG-1_1,A,356,20260810
GTCAAGTAGCTGAGTG-1_1,A,357,20260810
CGGGACTCAGCTACCG-1_1,A,358,20260810
TGACCCTCACGGTGTC-1_1,A,359,20260810
TTACCGCGTTCGTTCC-1_1,A,360,20260810
TCCGATCTCATTCTTG-1_1,A,361,20260810
TTCTGTACATCCTAAG-1_1,A,362,20260810
GCTTTCGTCATAGACC-1_1,A,363,20260810
ATTCTACTCACAAGGG-1_1,A,364,20260810
ATAGACCTCTCATGCC-1_1,A,365,20260810
TACGGGCAGGTATTGA-1_1,A,366,20260810
AGTCATGCAGGTCTCG-1_1,A,367,20260810
ACTTCCGGTCCAGCCA-1_1,A,368,20260810
TCGGGCATCATACGAC-1_1,A,369,20260810
AGGCTGCCACCCTAAA-1_1,A,370,20260810
AAAGAACAGTAGTCAA-1_1,A,371,20260810
ATACCTTCATAGAGGC-1_1,A,372,20260810
GGCTGTGCAGGCATTT-1_1,A,373,20260810
TCTGCCACACGCTGCA-1_1,A,374,20260810
CGATGGCGTAACACGG-1_1,A,375,20260810
GGTTAACCAAAGGAGA-1_1,A,376,20260810
TGGCGTGAGTACCCTA-1_1,A,377,20260810
AAACGCTGTTGCTCAA-1_1,A,378,20260810
AAGCGAGAGGCATCAG-1_1,A,379,20260810
TCGCACTGTCGTAATC-1_1,A,380,20260810
GACATCAAGTACTGTC-1_1,A,381,20260810
GCACGGTGTCCAGCGT-1_1,A,382,20260810
AATTCCTCAGGGCTTC-1_1,A,383,20260810
TTGGATGAGCTAGAAT-1_1,A,384,20260810
GTGCTTCTCAGACAAA-1_1,A,385,20260810
GAGTGAGCAGCACACC-1_1,A,386,20260810
TTACGCCCACAAGCTT-1_1,A,387,20260810
CGAGTTATCACTTATC-1_1,A,388,20260810
CCTATCGGTCTGCCTT-1_1,A,389,20260810
CCTTCAGTCCCTATTA-1_1,A,390,20260810
TCTTTGAGTCACGTGC-1_1,A,391,20260810
ACGGTCGCACTACCGG-1_1,A,392,20260810
AGTGTTGAGCCGATTT-1_1,A,393,20260810
GTGGCGTCATCATTGG-1_1,A,394,20260810
CTGGTCTAGAGAGCGG-1_1,A,395,20260810
TGTAGACTCGCCGATG-1_1,A,396,20260810
ACATCCCTCTGCCCTA-1_1,A,397,20260810
ATCTCTATCCCTTGTG-1_1,A,398,20260810
GAGGGTACAGGCCTGT-1_1,A,399,20260810
GGGTTATTCTTGGCTC-1_1,A,400,20260810
GAGGCAAAGCGAACTG-1_1,A,401,20260810
CAGTTAGGTGGCCTCA-1_1,A,402,20260810
AGCCAGCAGGTTCAGG-1_1,A,403,20260810
TGTTTGTTCAGCTTCC-1_1,A,404,20260810
ATACCGACAGCTGTCG-1_1,A,405,20260810
CCTCCTCCACCTGCGA-1_1,A,406,20260810
ATCAGGTCACCTGCAG-1_1,A,407,20260810
AGGTAGGTCCAAAGGG-1_1,A,408,20260810
TACGTCCCAATAGGGC-1_1,A,409,20260810
TTTGATCTCGTTCGCT-1_1,A,410,20260810
CCTATCGCAAGTGGGT-1_1,A,411,20260810
TATCGCCGTGTCTCCT-1_1,A,412,20260810
CCTCCAAGTAGCACAG-1_1,A,413,20260810
AATCGTGAGCTCCATA-1_1,A,414,20260810
ATGGGTTGTTCCCAAA-1_1,A,415,20260810
AGCCAATTCTTGTGCC-1_1,A,416,20260810
GTTATGGCAGCTGAAG-1_1,A,417,20260810
GATGACTGTACGAGCA-1_1,A,418,20260810
TTAGGCAAGCGTCTGC-1_1,A,419,20260810
GAAGGACTCCTGCTAC-1_1,A,420,20260810
AGTTCCCGTCTGTGCG-1_1,A,421,20260810
TCCTTCTGTTCAAGGG-1_1,A,422,20260810
AGGATAATCAGTGTGT-1_1,A,423,20260810
CCTGCATTCGATGCAT-1_1,A,424,20260810
TTGATGGCAAAGCTAA-1_1,A,425,20260810
ACGATCATCAGGGTAG-1_1,A,426,20260810
GTGGCGTTCTAAACGC-1_1,A,427,20260810
TGCTTGCTCATTGTGG-1_1,A,428,20260810
TGTCAGACAGTTGGTT-1_1,A,429,20260810
GGTGAAGAGAAGATCT-1_1,A,430,20260810
TTGCTGCCACGACTAT-1_1,A,431,20260810
ACTTAGGCATGACACT-1_1,A,432,20260810
AAAGAACCAATGGCAG-1_1,A,433,20260810
GAGAGGTGTGGCGTAA-1_1,A,434,20260810
CCTAAGAGTACTGAGG-1_1,A,435,20260810
GAACGTTGTCATCACA-1_1,A,436,20260810
ATGAGGGCATTGACTG-1_1,A,437,20260810
CTGCATCAGCGGCTCT-1_1,A,438,20260810
GATGACTGTCATAGTC-1_1,A,439,20260810
TTGTTGTGTCTTGCGG-1_1,A,440,20260810
ATGGGAGCAGAGAGGG-1_1,A,441,20260810
ATGAGGGAGAGTACCG-1_1,A,442,20260810
TTTGACTTCGGAGATG-1_1,A,443,20260810
ATGGATCCAAGGTTGG-1_1,A,444,20260810
ATTCTTGAGCCTCATA-1_1,A,445,20260810
AGCTCAAGTTTCCATT-1_1,A,446,20260810
CAACCAATCAGACCTA-1_1,A,447,20260810
GTCATTTGTGCTGATT-1_1,A,448,20260810
GAAGTAATCTGTCGTC-1_1,A,449,20260810
TCCTCTTAGGGAGGAC-1_1,A,450,20260810
AACCTTTTCCTCACCA-1_1,A,451,20260810
TACAACGAGTCGCGAA-1_1,A,452,20260810
TCACGGGGTGTGGTCC-1_1,A,453,20260810
TGCAGTAAGTTTCTTC-1_1,A,454,20260810
TGACAGTAGACTCCGC-1_1,A,455,20260810
TAATTCCGTGAATATG-1_1,A,456,20260810
TGGAACTAGATGCTGG-1_1,A,457,20260810
CCACGAGCATGACTCA-1_1,A,458,20260810
TTTAGTCTCAGTCTTT-1_1,A,459,20260810
ATCCCTGTCGACCATA-1_1,A,460,20260810
TCTCACGGTATCTCTT-1_1,A,461,20260810
TCGATTTAGGCAGCTA-1_1,A,462,20260810
CGTGTCTTCCCATTCG-1_1,A,463,20260810
AGGACGATCGCGGTAC-1_1,A,464,20260810
TACCCGTCAGGACTAG-1_1,A,465,20260810
AACCACAGTAACGATA-1_1,A,466,20260810
TTCCGTGAGCTATCTG-1_1,A,467,20260810
GATGGAGTCAAACGAA-1_1,A,468,20260810
TCACAAGAGACTTGTC-1_1,A,469,20260810
GTGCTTCGTTAGGCTT-1_1,A,470,20260810
TTCGGTCCAGAACGCA-1_1,A,471,20260810
CGCATGGGTAGGAGGG-1_1,A,472,20260810
TTGGGATTCCTACCGT-1_1,A,473,20260810
CTCCGATAGACTACGG-1_1,A,474,20260810
CCTCATGGTCAAGCGA-1_1,A,475,20260810
AGAGAATGTTCCCAAA-1_1,A,476,20260810
CTCCTCCAGACCAAGC-1_1,A,477,20260810
AGAGCAGGTTCCGTTC-1_1,A,478,20260810
ACACAGTCATTCTGTT-1_1,A,479,20260810
GGGACAATCTTACTGT-1_1,A,480,20260810
TCTCTGGAGTAACAGT-1_1,A,481,20260810
CTGGTCTAGATACTGA-1_1,A,482,20260810
TTTGTTGTCATTGCCC-1_1,A,483,20260810
TAATCTCGTGCATGAG-1_1,A,484,20260810
CGATCGGTCTCTAAGG-1_1,A,485,20260810
GGATGTTTCTTTGCAT-1_1,A,486,20260810
CTCCAACCAACTGTGT-1_1,A,487,20260810
GTCACGGGTCGGTACC-1_1,A,488,20260810
TAGACCAGTTAAACAG-1_1,A,489,20260810
CCTCTCCAGGTCATCT-1_1,A,490,20260810
AAAGGTATCCGTACGG-1_1,A,491,20260810
GCTACAAAGACTGAGC-1_1,A,492,20260810
ACTGATGAGCTCAGAG-1_1,A,493,20260810
CCATCACGTTCCTTGC-1_1,A,494,20260810
TTACCATCAGCACAGA-1_1,A,495,20260810
TTTCATGCATATACCG-1_1,A,496,20260810
TGTGCGGGTAGCACGA-1_1,A,497,20260810
CACCAAACAGCAAGAC-1_1,A,498,20260810
TTACAGGCAGCATTGT-1_1,A,499,20260810
CGCGTGAAGTAACGTA-1_1,A,500,20260810
CATGCTCCAGGTCCGT-1_1,B,1,20260810
AATTTCCGTCACTAGT-1_1,B,2,20260810
TCAGCCTAGCCATTGT-1_1,B,3,20260810
AGTACCACATCGCCTT-1_1,B,4,20260810
AACGGGATCAGCTGAT-1_1,B,5,20260810
TCCTCCCCACAAATAG-1_1,B,6,20260810
CAGCCAGTCTCGCTCA-1_1,B,7,20260810
TCTGCCATCCCTCGAT-1_1,B,8,20260810
CCGTTCACAGGTCAAG-1_1,B,9,20260810
TGGATGTCAGGACTTT-1_1,B,10,20260810
AACGTCACAGAACTAA-1_1,B,11,20260810
TATATCCCAATCTGCA-1_1,B,12,20260810
GCTGCAGTCCGCACGA-1_1,B,13,20260810
ATCTCTATCTTCCAGC-1_1,B,14,20260810
TTTGATCCAAATACGA-1_1,B,15,20260810
TCGGTCTGTGTTGAGG-1_1,B,16,20260810
AAAGTCCAGCTCCACG-1_1,B,17,20260810
GACCCTTAGCAAGTGC-1_1,B,18,20260810
ATATCCTTCGCAACAT-1_1,B,19,20260810
CAGATCAGTATCTCTT-1_1,B,20,20260810
AGGGAGTGTTGGGACA-1_1,B,21,20260810
ACTTCGCAGCCGCTTG-1_1,B,22,20260810
GGTAATCTCTCCTGCA-1_1,B,23,20260810
GAATCACCAGACATCT-1_1,B,24,20260810
CACACAAGTTAGCGGA-1_1,B,25,20260810
TGTAACGTCTTCGACC-1_1,B,26,20260810
GTTCCGTAGATAGTCA-1_1,B,27,20260810
AATTTCCTCCCACAGG-1_1,B,28,20260810
CTCCCTCCACGCGCTA-1_1,B,29,20260810
TACCCACTCGATTGGT-1_1,B,30,20260810
CAATGACCAAATGCGG-1_1,B,31,20260810
GAGTTTGTCGTGCATA-1_1,B,32,20260810
GTAACCAAGAATAGTC-1_1,B,33,20260810
AGAAGTATCCGCAGTG-1_1,B,34,20260810
TCACAAGAGAATCCCT-1_1,B,35,20260810
AGTTCGATCAGCAATC-1_1,B,36,20260810
TGAACGTCAGCAGGAT-1_1,B,37,20260810
ATCCGTCGTTGATGTC-1_1,B,38,20260810
GAAGGGTCACAGCTGC-1_1,B,39,20260810
GTCTCACAGTTGGCGA-1_1,B,40,20260810
GGTAGAGCATCATGAC-1_1,B,41,20260810
GCTTCACGTAACCCGC-1_1,B,42,20260810
TGATGCACAGCGTTGC-1_1,B,43,20260810
GGTGTTACATGTCGTA-1_1,B,44,20260810
TCAAGTGGTCTTGCGG-1_1,B,45,20260810
GGTGTCGAGGACGCTA-1_1,B,46,20260810
GCCAGCATCTCAGGCG-1_1,B,47,20260810
CAGTTCCGTTACCGTA-1_1,B,48,20260810
GTTCCGTCAAACCATC-1_1,B,49,20260810
AGCTACAAGCTGGCTC-1_1,B,50,20260810
AGATGAAAGATTAGAC-1_1,B,51,20260810
CAATTTCTCCTCACTG-1_1,B,52,20260810
AAGCATCTCAACCCGG-1_1,B,53,20260810
TGGCGTGGTACGTAGG-1_1,B,54,20260810
GTGGCGTAGATGAATC-1_1,B,55,20260810
TCGATTTAGTACGAGC-1_1,B,56,20260810
GGGAGTAGTGATTGGG-1_1,B,57,20260810
AGATCCATCTAGTGTG-1_1,B,58,20260810
CCGTGAGCATGTACGT-1_1,B,59,20260810
CAGATACAGCGCCTCA-1_1,B,60,20260810
TTCGATTCAGTTGTCA-1_1,B,61,20260810
AGGAAATAGTTGCTGT-1_1,B,62,20260810
ACCTGTCAGTACAGAT-1_1,B,63,20260810
GAGAGGTTCAACTTTC-1_1,B,64,20260810
AACGGGAGTTACGATC-1_1,B,65,20260810
GGGCTCAGTCACATTG-1_1,B,66,20260810
AAACCCATCGAAACAA-1_1,B,67,20260810
GGAATCTGTTTCCCAC-1_1,B,68,20260810
GTTGTGAGTAACAGTA-1_1,B,69,20260810
GTACAACAGTCACGAG-1_1,B,70,20260810
AGTGACTGTGTATCCA-1_1,B,71,20260810
AGCATCATCAAGAGGC-1_1,B,72,20260810
AGAAGTACATTATGCG-1_1,B,73,20260810
CGCCAGACACGCGTGT-1_1,B,74,20260810
CGCCATTTCCAGCAAT-1_1,B,75,20260810
TCTGTCGTCTCTCTTC-1_1,B,76,20260810
TGTAACGGTCAACCTA-1_1,B,77,20260810
AAAGGTAAGCTGTCCG-1_1,B,78,20260810
ATTTCACAGTCGTCTA-1_1,B,79,20260810
TCAAGCACACCTAAAC-1_1,B,80,20260810
GATCATGCATTCATCT-1_1,B,81,20260810
CGAGGCTGTGGGCTTC-1_1,B,82,20260810
CTCCCTCGTACCTAGT-1_1,B,83,20260810
CTTCTCTTCGACGTCG-1_1,B,84,20260810
CTCTCGACACGGCACT-1_1,B,85,20260810
CAGCAATCAGTAACAA-1_1,B,86,20260810
CTACCCAAGTGTCATC-1_1,B,87,20260810
CTAACCCCAATGAAAC-1_1,B,88,20260810
CTCCTCCTCCTGGCTT-1_1,B,89,20260810
GATAGCTGTACAGTTC-1_1,B,90,20260810
CGTAAGTCAGCTCGGT-1_1,B,91,20260810
GTAATCGGTTTCACAG-1_1,B,92,20260810
GTTACAGGTCGTCAGC-1_1,B,93,20260810
AAGACTCTCTAGCCAA-1_1,B,94,20260810
AGAGCAGTCATAGCAC-1_1,B,95,20260810
ACAGGGAAGTAAAGCT-1_1,B,96,20260810
GCTCAAAAGTGTTGAA-1_1,B,97,20260810
ATCCATTCAGTGTACT-1_1,B,98,20260810
GAGGGTACACGCACCA-1_1,B,99,20260810
TTGACCCTCTGTAACG-1_1,B,100,20260810
TCCGAAAGTAAGATCA-1_1,B,101,20260810
GCAACCGGTTGGGTTT-1_1,B,102,20260810
GGGAGTACACGCTTAA-1_1,B,103,20260810
GCCATTCAGCGTGTTT-1_1,B,104,20260810
GAATCGTCATCAACCA-1_1,B,105,20260810
CAACCAAAGGAACGTC-1_1,B,106,20260810
CCTCACAAGACGCTCC-1_1,B,107,20260810
GTCAAACAGTTCTCTT-1_1,B,108,20260810
CCCTCAAAGAGTATAC-1_1,B,109,20260810
GAGTGTTGTAGCCAGA-1_1,B,110,20260810
TCCCATGCACCTTCGT-1_1,B,111,20260810
ACCTGTCGTGAGTTTC-1_1,B,112,20260810
TTTCATGGTCATCACA-1_1,B,113,20260810
ACTTCGCTCTAATTCC-1_1,B,114,20260810
GCATCTCTCGTGTCAA-1_1,B,115,20260810
GCAGCTGCAGTCAACT-1_1,B,116,20260810
CTAACCCAGTACCGGA-1_1,B,117,20260810
ATTCATCTCCTAAACG-1_1,B,118,20260810
ATGGTTGGTAATCAGA-1_1,B,119,20260810
ACGTCCTCACTTCAAG-1_1,B,120,20260810
AATGAAGGTAGGAGTC-1_1,B,121,20260810
AAAGGTAAGTTCATGC-1_1,B,122,20260810
GCTTCACGTTTGTTCT-1_1,B,123,20260810
CTGTGAAAGCCGAACA-1_1,B,124,20260810
TTGTTGTGTTCTTAGG-1_1,B,125,20260810
CCCTCTCCAGAGCTAG-1_1,B,126,20260810
ATCTCTATCCCTTTGG-1_1,B,127,20260810
CCGAACGGTATCGCTA-1_1,B,128,20260810
GTTACCCTCTTAGCCC-1_1,B,129,20260810
AGAACCTCATCCGAAT-1_1,B,130,20260810
ACCTGTCTCTCTCTAA-1_1,B,131,20260810
TCTCAGCCAACACAGG-1_1,B,132,20260810
AGGGCCTGTATAGGAT-1_1,B,133,20260810
GGAGGTAGTCCTGGTG-1_1,B,134,20260810
TCTACCGTCCACCTGT-1_1,B,135,20260810
ATTCATCAGATAGTGT-1_1,B,136,20260810
TAGACCATCGGCTCTT-1_1,B,137,20260810
TCGCTTGCATCAGCAT-1_1,B,138,20260810
ATCAGGTTCACTCTTA-1_1,B,139,20260810
GGCAGTCTCGAGAAAT-1_1,B,140,20260810
CGCATGGGTTTACCAG-1_1,B,141,20260810
CAGATACAGGCCTAGA-1_1,B,142,20260810
CTATAGGAGACTCCGC-1_1,B,143,20260810
CGGCAGTTCCCAGGCA-1_1,B,144,20260810
GTCGAATGTGGATCAG-1_1,B,145,20260810
AGACACTTCCGCAACG-1_1,B,146,20260810
CCCTCTCTCACTAGCA-1_1,B,147,20260810
GTTAGTGAGGGACCAT-1_1,B,148,20260810
CGAGGCTGTGCCTAAT-1_1,B,149,20260810
TCATCCGAGAATGTTG-1_1,B,150,20260810
TCGGGTGAGTGCCCGT-1_1,B,151,20260810
CTCAATTGTTCCGCAG-1_1,B,152,20260810
GCCATTCGTACACTCA-1_1,B,153,20260810
TGCTCCATCGCCTATC-1_1,B,154,20260810
TCGTCCATCGCCGTGA-1_1,B,155,20260810
AAGTCGTAGAGTACCG-1_1,B,156,20260810
CAGATCACATGTCTAG-1_1,B,157,20260810
CAAGGGAAGAGTCGAC-1_1,B,158,20260810
GTCTTTACACATTCGA-1_1,B,159,20260810
TAAGTCGTCGAGCCTG-1_1,B,160,20260810
TTCGCTGGTCGGTAAG-1_1,B,161,20260810
GAGGGATGTGTTCAGT-1_1,B,162,20260810
TGGGCGTCATTGTCGA-1_1,B,163,20260810
GCCCAGACACCGGTCA-1_1,B,164,20260810
GTTACAGGTCAGTCCG-1_1,B,165,20260810
AAATGGACACCATTCC-1_1,B,166,20260810
ATAGAGAGTGAATGAT-1_1,B,167,20260810
CAGATACCAATCTGCA-1_1,B,168,20260810
TATCGCCTCGACCAAT-1_1,B,169,20260810
CATACTTAGAGGGCGA-1_1,B,170,20260810
CTCCACAAGTAAGACT-1_1,B,171,20260810
GGATGTTCACCCATAA-1_1,B,172,20260810
TACAGGTTCCTACAAG-1_1,B,173,20260810
CGAGTGCGTACATTGC-1_1,B,174,20260810
GTCCCATCACTCTAGA-1_1,B,175,20260810
TGCGGGTGTCTCAGAT-1_1,B,176,20260810
GATCATGAGGACAAGA-1_1,B,177,20260810
GGGTCTGGTCCGAAAG-1_1,B,178,20260810
CCATAAGTCTAGACCA-1_1,B,179,20260810
TAAGCACGTGGTAATA-1_1,B,180,20260810
TGAGTCAAGGACTTCT-1_1,B,181,20260810
TACTTACCAATCGAAA-1_1,B,182,20260810
TCGTGGGCACTGGATT-1_1,B,183,20260810
TTCAGGACAATTTCTC-1_1,B,184,20260810
TTTCACACAGAGTGTG-1_1,B,185,20260810
TCATACTGTCCTACGG-1_1,B,186,20260810
GAGGGATGTGGGTATG-1_1,B,187,20260810
TCCATCGCATTACGGT-1_1,B,188,20260810
GATCAGTCAAGTCCAT-1_1,B,189,20260810
GAGTGTTTCATTGAGC-1_1,B,190,20260810
TTGATGGCAAGTGGCA-1_1,B,191,20260810
TACTTACGTTTACTGG-1_1,B,192,20260810
GGGACAAAGGCACTCC-1_1,B,193,20260810
GCTACAACAGTTCCAA-1_1,B,194,20260810
GTCAGCGAGAACAGGA-1_1,B,195,20260810
GAAGTAAAGGGAGAAT-1_1,B,196,20260810
CATGGTATCGTTCTCG-1_1,B,197,20260810
GTGCAGCAGGAACGAA-1_1,B,198,20260810
TTGGGCGGTTCTGAGT-1_1,B,199,20260810
ACCAACATCCTAGCGG-1_1,B,200,20260810
TCGATTTAGTGATTCC-1_1,B,201,20260810
AACGGGAAGTCATCCA-1_1,B,202,20260810
ATTCAGGGTTCAGGTT-1_1,B,203,20260810
ATATCCTAGTATTAGG-1_1,B,204,20260810
AGAGCCCCAAGGTCAG-1_1,B,205,20260810
TTACGCCCAAGATCCT-1_1,B,206,20260810
CGTTAGAAGGATATGT-1_1,B,207,20260810
CAACGATGTGCATTAC-1_1,B,208,20260810
TGTAACGGTATGCAAA-1_1,B,209,20260810
TAACCAGTCTCTAAGG-1_1,B,210,20260810
CTAACTTAGTCACACT-1_1,B,211,20260810
CGGTCAGCACTGCATA-1_1,B,212,20260810
TGAGGGACAGGTCAGA-1_1,B,213,20260810
TTCACCGGTACAGTAA-1_1,B,214,20260810
TCGCACTGTCGCCACA-1_1,B,215,20260810
TGCTCGTGTCAGATTC-1_1,B,216,20260810
GGCACGTGTGAGTGAC-1_1,B,217,20260810
GTGTGATAGTGTTCCA-1_1,B,218,20260810
AGAGCCCAGGAGCTGT-1_1,B,219,20260810
CAGGTATCAATTGCGT-1_1,B,220,20260810
TATCTTGGTCAAGCCC-1_1,B,221,20260810
GATGATCAGTAGACAT-1_1,B,222,20260810
TCTGTCGGTGCAATGG-1_1,B,223,20260810
GCCCGAAGTTCCGTTC-1_1,B,224,20260810
CCAAGCGAGCATCCCG-1_1,B,225,20260810
TGACAGTAGACCAGAC-1_1,B,226,20260810
TAAGCACCAATGCAGG-1_1,B,227,20260810
CCTCTAGCACTCAAGT-1_1,B,228,20260810
GTGATGTGTGAATATG-1_1,B,229,20260810
CGGAGAAGTGCTTATG-1_1,B,230,20260810
AACGAAATCTGACAGT-1_1,B,231,20260810
CAGCCAGGTAGGTGCA-1_1,B,232,20260810
CCTCATGAGTGCGACA-1_1,B,233,20260810
TCGACGGGTAGATCCT-1_1,B,234,20260810
TTCAATCGTGCGGATA-1_1,B,235,20260810
TGGTAGTTCGCAGATT-1_1,B,236,20260810
CTACCCAAGGAGCAAA-1_1,B,237,20260810
GAGAGGTTCGCCTTTG-1_1,B,238,20260810
TTGTTCAGTTAGGGAC-1_1,B,239,20260810
TACTGCCTCGAATGCT-1_1,B,240,20260810
ATTTCTGGTCTACGTA-1_1,B,241,20260810
ACCATTTTCGATGCTA-1_1,B,242,20260810
TCCCATGGTATACCCA-1_1,B,243,20260810
CGTAATGGTAGGAGTC-1_1,B,244,20260810
ACTATCTGTCGTACTA-1_1,B,245,20260810
AGCCACGGTTCAGTAC-1_1,B,246,20260810
GCCCAGATCGGTATGT-1_1,B,247,20260810
CTGCTCACAGGCATTT-1_1,B,248,20260810
TACTGCCCACATGACT-1_1,B,249,20260810
GCCATTCCACGACAGA-1_1,B,250,20260810
ACGTACAGTACGTACT-1_1,B,251,20260810
GTAAGTCCAAACACGG-1_1,B,252,20260810
TCCCATGCAGGCACAA-1_1,B,253,20260810
ACTTAGGCAAGTATCC-1_1,B,254,20260810
GAGCTGCAGTAGTCTC-1_1,B,255,20260810
TCCTGCAAGCATTTCG-1_1,B,256,20260810
CGTGCTTTCCATCTCG-1_1,B,257,20260810
CAGGGCTAGATAGCAT-1_1,B,258,20260810
CGAAGGATCTTCTGGC-1_1,B,259,20260810
ACAAAGAGTTCTTCAT-1_1,B,260,20260810
ACTCCCAAGCACTCCG-1_1,B,261,20260810
CTTCGGTTCTATCGGA-1_1,B,262,20260810
CAGGGCTTCCTGTACC-1_1,B,263,20260810
CCACACTAGAGGTTTA-1_1,B,264,20260810
CACACAAGTTGGCCGT-1_1,B,265,20260810
GAAACCTGTGAGCCAA-1_1,B,266,20260810
CTACCTGTCTATACTC-1_1,B,267,20260810
CACACAAAGCATCCCG-1_1,B,268,20260810
GTCAGCGTCTCGAACA-1_1,B,269,20260810
TCGGGTGTCATGGTAC-1_1,B,270,20260810
GTCTAGAAGATCCTAC-1_1,B,271,20260810
CAACCTCTCCTGGGTG-1_1,B,272,20260810
TCCTTCTAGAAGCCTG-1_1,B,273,20260810
ATTCGTTCAACTGGTT-1_1,B,274,20260810
TCCATCGTCAGTAGGG-1_1,B,275,20260810
TTTGACTGTGGTTCTA-1_1,B,276,20260810
TGTGTGATCGGACAAG-1_1,B,277,20260810
AGATGAAGTCGAACGA-1_1,B,278,20260810
AGGTGTTAGAAACTGT-1_1,B,279,20260810
GACGTTACAGAAGTGC-1_1,B,280,20260810
CCCTCAACACTACCCT-1_1,B,281,20260810
TCCCAGTAGCAATAGT-1_1,B,282,20260810
TCATTCAGTCTGGTTA-1_1,B,283,20260810
GTGAGTTTCCGATGCG-1_1,B,284,20260810
TTGAACGTCTACGCAA-1_1,B,285,20260810
TTACCATCAGGTGGAT-1_1,B,286,20260810
GGAGCAATCTTGGAAC-1_1,B,287,20260810
TCATTACCAAGAGATT-1_1,B,288,20260810
AATCACGTCTCGCGTT-1_1,B,289,20260810
TAGACTGAGTCAGAGC-1_1,B,290,20260810
CTGTGAAAGGCCTAAG-1_1,B,291,20260810
CAACAGTTCTTCACAT-1_1,B,292,20260810
TCTCTGGAGAACTTCC-1_1,B,293,20260810
AACCACATCTGAGGCC-1_1,B,294,20260810
GGTAGAGAGTTGGAAT-1_1,B,295,20260810
TTGTTTGAGGCGATAC-1_1,B,296,20260810
AGGACTTCACACACTA-1_1,B,297,20260810
TGATCTTAGCACTAAA-1_1,B,298,20260810
GCAACATGTCAAATCC-1_1,B,299,20260810
CATTGCCCAGGCGAAT-1_1,B,300,20260810
GATCGTAAGACATCCT-1_1,B,301,20260810
ATGGATCTCGCTCTAC-1_1,B,302,20260810
TGTCCTGAGCACTCCG-1_1,B,303,20260810
AGGTCATTCGTAGAGG-1_1,B,304,20260810
TGACAGTCAATCAGCT-1_1,B,305,20260810
GCAACATAGGCTCCCA-1_1,B,306,20260810
TGCGATAAGCTCGGCT-1_1,B,307,20260810
TCTTCCTAGCACTAAA-1_1,B,308,20260810
TATCGCCAGCCATCCG-1_1,B,309,20260810
ACAAGCTAGGTTCATC-1_1,B,310,20260810
AGACCCGCACATATCG-1_1,B,311,20260810
GGCTTGGCATAGAGGC-1_1,B,312,20260810
CTGCGAGGTCGAGATG-1_1,B,313,20260810
AGTAACCTCATTACCT-1_1,B,314,20260810
TTACCGCCAACGATTC-1_1,B,315,20260810
AGAGAGCCACAACGTT-1_1,B,316,20260810
CCCTAACAGTCTTCCC-1_1,B,317,20260810
TGTTCCGCAACACGTT-1_1,B,318,20260810
GTGATGTGTTAAGACA-1_1,B,319,20260810
GGTGGCTCAATCGAAA-1_1,B,320,20260810
TATCGCCGTCTAGATC-1_1,B,321,20260810
TAGCACAGTAGATTGA-1_1,B,322,20260810
CTAGGTAAGACCTTTG-1_1,B,323,20260810
TTCCGGTTCGCCGAGT-1_1,B,324,20260810
TGAATCGCATTGTGCA-1_1,B,325,20260810
CTCAAGAGTTCTTAGG-1_1,B,326,20260810
CGAGGCTAGCCGAACA-1_1,B,327,20260810
CTCCCTCCACTTCATT-1_1,B,328,20260810
AGTGCCGAGAAGTGTT-1_1,B,329,20260810
CGACAGCCAGAGGGTT-1_1,B,330,20260810
GTACAGTAGCTTAAGA-1_1,B,331,20260810
CGGAATTAGGCGTTGA-1_1,B,332,20260810
AGTGATCAGGCTGAAC-1_1,B,333,20260810
AACCTGAAGCACGGAT-1_1,B,334,20260810
CCTAACCCATAAGCAA-1_1,B,335,20260810
TGCAGGCCACACCGCA-1_1,B,336,20260810
CTAACCCCATCTAGAC-1_1,B,337,20260810
TCAAGTGCAGTATACC-1_1,B,338,20260810
AAGGTAAGTTCGGTCG-1_1,B,339,20260810
GCTACAAAGCTAGTTC-1_1,B,340,20260810
TCTTGCGTCATTCGGA-1_1,B,341,20260810
TCAATCTAGTGCAACG-1_1,B,342,20260810
CCTATCGAGCATCCTA-1_1,B,343,20260810
AAAGGGCTCGTAGGGA-1_1,B,344,20260810
CGAGTTATCGGCATAT-1_1,B,345,20260810
TAAGCCAAGGATTCAA-1_1,B,346,20260810
TATCTTGTCGGTCACG-1_1,B,347,20260810
CATGGTATCAGATGCT-1_1,B,348,20260810
TCCACCAGTCGAGCAA-1_1,B,349,20260810
CGCATAAAGCGTTCCG-1_1,B,350,20260810
TTGTGGAGTGAATTAG-1_1,B,351,20260810
ACGGTCGTCAAGTGGG-1_1,B,352,20260810
TCAAGCACAACCGACC-1_1,B,353,20260810
GGTTAACGTGTTCGTA-1_1,B,354,20260810
AACAGGGCATCTCGTC-1_1,B,355,20260810
TCACTATAGTATTAGG-1_1,B,356,20260810
AAGATAGGTATCTCTT-1_1,B,357,20260810
TGGTTAGTCGACGACC-1_1,B,358,20260810
TCAATTCCAAGTACCT-1_1,B,359,20260810
AACAGGGCATCGCCTT-1_1,B,360,20260810
CGAGGAAGTGACTGTT-1_1,B,361,20260810
TTTGTTGGTCCAGTTA-1_1,B,362,20260810
AAGCGTTGTTAAAGTG-1_1,B,363,20260810
TCTCTGGGTTCGTGCG-1_1,B,364,20260810
GAGTGTTCATAGGAGC-1_1,B,365,20260810
GACTGATAGACGCATG-1_1,B,366,20260810
ACCGTTCAGAAGGATG-1_1,B,367,20260810
CATACAGGTACCTAAC-1_1,B,368,20260810
GGTGTCGGTGTACATC-1_1,B,369,20260810
ACGATCACACGATAGG-1_1,B,370,20260810
GACCCAGCAGGATGAC-1_1,B,371,20260810
CTGTAGAAGTAGACAT-1_1,B,372,20260810
TTGAACGTCCGGTTCT-1_1,B,373,20260810
TTGTGGACAGCTGCCA-1_1,B,374,20260810
CAGATTGCACGGCTAC-1_1,B,375,20260810
TTTCAGTTCTATGCCC-1_1,B,376,20260810
TCACTCGTCTTGGCTC-1_1,B,377,20260810
CGTCAAATCCATTTCA-1_1,B,378,20260810
TTACCATGTTCGGTCG-1_1,B,379,20260810
CCTCCAATCATTCATC-1_1,B,380,20260810
GCACATAGTGAGATTA-1_1,B,381,20260810
GTACAACGTATCTCTT-1_1,B,382,20260810
TTCCGTGAGTGATAAC-1_1,B,383,20260810
CGGGCATGTATTCCTT-1_1,B,384,20260810
TGATTCTGTGTGCCTG-1_1,B,385,20260810
ATCGCCTGTAGGTACG-1_1,B,386,20260810
GCTACAAGTGACCTGC-1_1,B,387,20260810
ACTCTCGGTGACTCGC-1_1,B,388,20260810
TCAGTGACAGCACACC-1_1,B,389,20260810
ACTTAGGGTGGTCTCG-1_1,B,390,20260810
TGGGAGAAGGGTGAAA-1_1,B,391,20260810
TATACCTCAGACCATT-1_1,B,392,20260810
GGCAGTCGTGTGATGG-1_1,B,393,20260810
CTCTCAGTCAAGATAG-1_1,B,394,20260810
TCATGTTTCCTTGACC-1_1,B,395,20260810
TCTGGCTCATCGCTGG-1_1,B,396,20260810
TGCTTCGGTGCAGGAT-1_1,B,397,20260810
AGACCCGTCGCCAGTG-1_1,B,398,20260810
AGTGTTGCACGCACCA-1_1,B,399,20260810
ATCGCCTCATCATTGG-1_1,B,400,20260810
CCTGTTGGTGTTAACC-1_1,B,401,20260810
TTTCACAGTTGGCTAT-1_1,B,402,20260810
CTACAGATCCGACAGC-1_1,B,403,20260810
CATCAAGTCGCTGACG-1_1,B,404,20260810
AGGTCATTCAACTCTT-1_1,B,405,20260810
TCTTTGACAGTATTCG-1_1,B,406,20260810
CGGGTCAAGTTCCAGT-1_1,B,407,20260810
TGACCCTAGAGAACCC-1_1,B,408,20260810
CCCTTAGAGACATAAC-1_1,B,409,20260810
TCAATCTAGGTGGCTA-1_1,B,410,20260810
GCAGCCAAGCAATTAG-1_1,B,411,20260810
CCACGTTTCACGGAGA-1_1,B,412,20260810
ATTATCCCATGTGCCG-1_1,B,413,20260810
GAGTCTACATGTACGT-1_1,B,414,20260810
ATTTACCTCCAATGCA-1_1,B,415,20260810
ACTGCAATCAACCCGG-1_1,B,416,20260810
TCCTCGACATGGGTCC-1_1,B,417,20260810
CCGGTAGCACTACCGG-1_1,B,418,20260810
CATGCGGCATCCGCGA-1_1,B,419,20260810
CCTCTAGTCGACACTA-1_1,B,420,20260810
CTCAGTCCAAGAGGTC-1_1,B,421,20260810
CTTCTCTGTTGGACCC-1_1,B,422,20260810
ACAAGCTTCACATCAG-1_1,B,423,20260810
ACGTAGTTCGATGGAG-1_1,B,424,20260810
GCCATTCTCCGTCACT-1_1,B,425,20260810
CTCAGGGGTCTGTCAA-1_1,B,426,20260810
CATTCCGCAGTTGTCA-1_1,B,427,20260810
TTTGGTTTCGCTTGCT-1_1,B,428,20260810
TGATGGTTCAATCGGT-1_1,B,429,20260810
CCACGTTCACCTGCAG-1_1,B,430,20260810
TTACCGCGTTTAGTCG-1_1,B,431,20260810
CTCCATGGTACGGCAA-1_1,B,432,20260810
CTGAATGCACTGCTTC-1_1,B,433,20260810
CTTGAGACACCAGCCA-1_1,B,434,20260810
GAGAAATCAGTCGCTG-1_1,B,435,20260810
GATGATCCACAGAGAC-1_1,B,436,20260810
TGTCCTGTCAGTGTTG-1_1,B,437,20260810
ATTTACCGTACTTGTG-1_1,B,438,20260810
GTCGTTCGTCAAGCCC-1_1,B,439,20260810
TAGCACAGTAGGAGGG-1_1,B,440,20260810
ACTATTCGTCTTGAAC-1_1,B,441,20260810
AGGGTCCAGGGAGTGG-1_1,B,442,20260810
ACACTGATCCCTCTTT-1_1,B,443,20260810
TCTTCCTCAAGTGGTG-1_1,B,444,20260810
TATATCCGTTCGGGTC-1_1,B,445,20260810
GATCGTAGTGAGCTCC-1_1,B,446,20260810
GTGTGATTCCTCAGAA-1_1,B,447,20260810
GAACTGTAGTATGAGT-1_1,B,448,20260810
ACTATCTTCACCGGGT-1_1,B,449,20260810
GTCACTCGTCTTTATC-1_1,B,450,20260810
GTCTACCTCAAAGGTA-1_1,B,451,20260810
AGGAATAAGCAATAAC-1_1,B,452,20260810
TTCACCGTCATGCCGG-1_1,B,453,20260810
TCCTGCAGTATCTCTT-1_1,B,454,20260810
ACTTTCATCAAGAGTA-1_1,B,455,20260810
CTTCAATTCCTTATAC-1_1,B,456,20260810
TGGGTTAGTAACCAGG-1_1,B,457,20260810
TTCTTGACATGTGCCG-1_1,B,458,20260810
TAGGGTTGTTTAGAGA-1_1,B,459,20260810
ACTCTCGCATGTGCTA-1_1,B,460,20260810
TCATTTGTCCCATTCG-1_1,B,461,20260810
AGGATAAAGCAGATAT-1_1,B,462,20260810
CAACAGTTCATCACCC-1_1,B,463,20260810
TCTTGCGGTATCGAGG-1_1,B,464,20260810
TGGGTTAGTTAATCGC-1_1,B,465,20260810
TCAATCTTCTAGATCG-1_1,B,466,20260810
GTCTAGACACACCTTC-1_1,B,467,20260810
AGAACCTGTACTAACC-1_1,B,468,20260810
ACCATTTCAGACCTGC-1_1,B,469,20260810
AACAAAGAGTAGATCA-1_1,B,470,20260810
CGTGCTTCAGCTGCCA-1_1,B,471,20260810
CTAACTTGTTATGTCG-1_1,B,472,20260810
CGATGCGCACCTCAGG-1_1,B,473,20260810
AAGTGAACACCCTTGT-1_1,B,474,20260810
CCTGTTGCACTCACTC-1_1,B,475,20260810
AGGAATATCTCGCCTA-1_1,B,476,20260810
TTGTGGAAGAAAGTCT-1_1,B,477,20260810
CACTTCGCACTTGTCC-1_1,B,478,20260810
TGGGTTAAGGGTACGT-1_1,B,479,20260810
TAGAGTCAGCAGGCAT-1_1,B,480,20260810
GAGTCATGTGCCCAGT-1_1,B,481,20260810
TGAGGAGAGTCCTGTA-1_1,B,482,20260810
CATCGGGTCTACCTTA-1_1,B,483,20260810
GTTCGCTTCATCGACA-1_1,B,484,20260810
AGGACGACAATCGCGC-1_1,B,485,20260810
TAGATCGCAAACGGCA-1_1,B,486,20260810
ACAGGGACATCCTTGC-1_1,B,487,20260810
CCTCTCCTCAACGCTA-1_1,B,488,20260810
TAACACGGTATTCCTT-1_1,B,489,20260810
GTTGTAGCATCACCAA-1_1,B,490,20260810
ATGCATGGTCTACAAC-1_1,B,491,20260810
CGATCGGTCGTGGAAG-1_1,B,492,20260810
ACTATTCCAGCTACCG-1_1,B,493,20260810
TGATGCACATAGAATG-1_1,B,494,20260810
AGACTCAGTTTAGACC-1_1,B,495,20260810
TGACAGTAGAAACACT-1_1,B,496,20260810
AACAACCAGCCAAGGT-1_1,B,497,20260810
CTATAGGAGCGCCATC-1_1,B,498,20260810
TTTCACAGTCATCCGG-1_1,B,499,20260810
AAAGTCCCAGAACGCA-1_1,B,500,20260810
