"Pathway","Pval","adjPval","qval","FC"
"REACTOME_METABOLISM_OF_AMINO_ACIDS_AND_DERIVATIVES",1.05124994147109e-107,1.30354992742415e-105,10.2413315701725,-33.0739013101264
"HALLMARK_OXIDATIVE_PHOSPHORYLATION",5.78838342891483e-101,7.17759545185439e-99,9.9067664262004,-69.4299150922292
"REACTOME_METABOLISM_OF_CARBOHYDRATES",5.78838342891483e-101,7.17759545185439e-99,9.9067664262004,-21.867577910606
"HALLMARK_FATTY_ACID_METABOLISM",2.58902137224309e-99,3.21038650158143e-97,9.82310758768877,-18.6535930815644
"HALLMARK_GLYCOLYSIS",2.58902137224309e-99,3.21038650158143e-97,9.82310758768877,-28.3375837292562
"REACTOME_GLUCONEOGENESIS",2.58902137224309e-99,3.21038650158143e-97,9.82310758768877,-12.4700412343459
"REACTOME_METABOLISM_OF_POLYAMINES",2.58902137224309e-99,3.21038650158143e-97,9.82310758768877,-34.2953857307224
"KEGG_GLYCOLYSIS_GLUCONEOGENESIS",1.1216598688973e-97,1.39085823743265e-95,9.7394413152404,-17.3548757537595
"REACTOME_GLYCOLYSIS",1.1216598688973e-97,1.39085823743265e-95,9.7394413152404,-17.353989969137
"REACTOME_GLUCOSE_METABOLISM",1.91318062190647e-94,2.37234397116402e-92,9.57208557951024,-19.7236128121547
"KEGG_OXIDATIVE_PHOSPHORYLATION",7.53227726587743e-93,9.34002380968801e-91,9.4883956503015,-37.0267082464944
"KEGG_PURINE_METABOLISM",7.53227726587743e-93,9.34002380968801e-91,9.4883956503015,-21.6241448873916
"HALLMARK_HEME_METABOLISM",2.87240705899399e-91,3.56178475315255e-89,9.40469735448699,-1.82049319711614
"REACTOME_TP53_REGULATES_METABOLIC_GENES",2.87240705899399e-91,3.56178475315255e-89,9.40469735448699,-17.7264262697232
"REACTOME_PYRUVATE_METABOLISM_AND_CITRIC_ACID_TCA_CYCLE",1.06100055314012e-89,1.31564068589375e-87,9.32099043581325,-9.29724242674744
"KEGG_CYSTEINE_AND_METHIONINE_METABOLISM",3.79608356080105e-88,4.7071436153933e-86,9.23727462789355,-7.91409864007911
"KEGG_PYRUVATE_METABOLISM",3.79608356080105e-88,4.7071436153933e-86,9.23727462789355,-7.97005492040043
"REACTOME_METABOLISM_OF_NUCLEOTIDES",3.79608356080105e-88,4.7071436153933e-86,9.23727462789355,-15.7049371052729
"REACTOME_PYRUVATE_METABOLISM",1.31554906981373e-86,1.63128084656903e-84,9.15354965371275,-5.34443678467443
"REACTOME_METABOLISM_OF_VITAMINS_AND_COFACTORS",4.41601049973333e-85,5.47585301966933e-83,9.06981522510324,-11.0540672736447
"REACTOME_RESPIRATORY_ELECTRON_TRANSPORT",4.41601049973333e-85,5.47585301966933e-83,9.06981522510324,-30.6972227484578
"REACTOME_BIOLOGICAL_OXIDATIONS",1.43583831949005e-83,1.78043951616766e-81,8.98607104218992,-8.76016431423724
"KEGG_GLUTATHIONE_METABOLISM",4.52203620807839e-82,5.6073248980172e-80,8.90231679280207,-6.65329509953432
"KEGG_ARGININE_AND_PROLINE_METABOLISM",1.37948270492474e-80,1.71055855410668e-78,8.81855215184987,-6.94405752155619
"REACTOME_METABOLISM_OF_WATER_SOLUBLE_VITAMINS_AND_COFACTORS",1.37948270492474e-80,1.71055855410668e-78,8.81855215184987,-8.22870006085536
"REACTOME_TRIGLYCERIDE_METABOLISM",1.37948270492474e-80,1.71055855410668e-78,8.81855215184987,-3.94230256302115
"KEGG_PYRIMIDINE_METABOLISM",1.16666102444544e-77,1.44665967031235e-75,8.65099032628882,-17.0649280171423
"REACTOME_METABOLISM_OF_STEROIDS",1.16666102444544e-77,1.44665967031235e-75,8.65099032628882,-9.09743531798677
"REACTOME_TRIGLYCERIDE_CATABOLISM",1.16666102444544e-77,1.44665967031235e-75,8.65099032628882,-3.68827102026482
"KEGG_BETA_ALANINE_METABOLISM",3.23438966599575e-76,4.01064318583473e-74,8.56719242074661,-2.78014870157608
"KEGG_PROPANOATE_METABOLISM",3.23438966599575e-76,4.01064318583473e-74,8.56719242074661,-3.80530696130762
"REACTOME_REGULATION_OF_CHOLESTEROL_BIOSYNTHESIS_BY_SREBP_SREBF",3.23438966599575e-76,4.01064318583473e-74,8.56719242074661,-5.55788919913701
"REACTOME_METABOLISM_OF_FOLATE_AND_PTERINES",8.68553581624014e-75,1.07700644121378e-72,8.4833826802358,-3.14445481226575
"KEGG_FRUCTOSE_AND_MANNOSE_METABOLISM",2.2592187811295e-73,2.80143128860058e-71,8.39956070429366,-5.44076093196487
"REACTOME_METABOLISM_OF_COFACTORS",2.2592187811295e-73,2.80143128860058e-71,8.39956070429366,-2.85582834321417
"KEGG_INOSITOL_PHOSPHATE_METABOLISM",1.38917530623664e-70,1.72257737973343e-68,8.23187835552016,-0.683029930171854
"REACTOME_FATTY_ACID_METABOLISM",7.51960993145341e-68,9.32431631500223e-66,8.06414180195513,-6.40126946628967
"REACTOME_DISEASES_OF_CARBOHYDRATE_METABOLISM",7.45705528985167e-64,9.24674855941607e-62,7.81242670056411,-1.51418383801422
"REACTOME_DISEASES_OF_METABOLISM",1.50320800799138e-62,1.86397792990931e-60,7.72849010053944,-6.65181626903746
"KEGG_NICOTINATE_AND_NICOTINAMIDE_METABOLISM",2.93519064722899e-61,3.63963640256395e-59,7.64453674200964,-1.8657611413434
"REACTOME_SYNTHESIS_OF_ACTIVE_UBIQUITIN_ROLES_OF_E1_AND_E2_ENZYMES",2.93519064722899e-61,3.63963640256395e-59,7.64453674200964,-4.53260327205448
"REACTOME_GLYCOGEN_METABOLISM",5.55162487718189e-60,6.88401484770554e-58,7.56056599743965,-0.0889823007993976
"KEGG_GLYCINE_SERINE_AND_THREONINE_METABOLISM",1.01711850726945e-58,1.26122694901412e-56,7.47657720873159,-2.54107075603434
"REACTOME_INTEGRATION_OF_ENERGY_METABOLISM",1.80506049595553e-57,2.23827501498486e-55,7.39256968537519,-3.29121643216644
"REACTOME_PHOSPHOLIPID_METABOLISM",1.80506049595553e-57,2.23827501498486e-55,7.39256968537519,-2.15240804845035
"REACTOME_BIOSYNTHESIS_OF_THE_N_GLYCAN_PRECURSOR_DOLICHOL_LIPID_LINKED_OLIGOSACCHARIDE_LLO_AND_TRANSFER_TO_A_NASCENT_PROTEIN",3.10300075394096e-56,3.84772093488679e-54,7.30854270246349,-4.75459150741801
"REACTOME_NICOTINATE_METABOLISM",1.30221843509155e-52,1.61475085951352e-50,7.05633718551025,-1.17619291710001
"REACTOME_REGULATION_OF_LIPID_METABOLISM_BY_PPARALPHA",1.30221843509155e-52,1.61475085951352e-50,7.05633718551025,-2.87553896984414
"REACTOME_GLYOXYLATE_METABOLISM_AND_GLYCINE_DEGRADATION",1.97090611461216e-51,2.44392358211908e-49,6.97222434937117,-2.56810467725108
"REACTOME_MITOCHONDRIAL_FATTY_ACID_BETA_OXIDATION",1.97090611461216e-51,2.44392358211908e-49,6.97222434937117,-3.72251086603212
"HALLMARK_BILE_ACID_METABOLISM",2.88951080642189e-50,3.58299339996314e-48,6.88808783276051,-1.10627607500621
"KEGG_DRUG_METABOLISM_OTHER_ENZYMES",2.88951080642189e-50,3.58299339996314e-48,6.88808783276051,-2.94830897801336
"REACTOME_NUCLEOBASE_CATABOLISM",2.88951080642189e-50,3.58299339996314e-48,6.88808783276051,-1.63640645844761
"REACTOME_PEPTIDE_HORMONE_METABOLISM",2.88951080642189e-50,3.58299339996314e-48,6.88808783276051,-1.83024639866271
"KEGG_NITROGEN_METABOLISM",7.52266227767014e-47,9.32810122431097e-45,6.63552610949526,-0.879212590273665
"REACTOME_ARACHIDONIC_ACID_METABOLISM",7.52266227767014e-47,9.32810122431097e-45,6.63552610949526,-0.893876286614554
"REACTOME_SYNTHESIS_OF_SUBSTRATES_IN_N_GLYCAN_BIOSYTHESIS",7.52266227767014e-47,9.32810122431097e-45,6.63552610949526,-3.57858921617933
"REACTOME_SYNTHESIS_OF_PIPS_AT_THE_PLASMA_MEMBRANE",9.71068166951607e-46,1.20412452701999e-43,6.55128449979823,1.13063716051714
"REACTOME_PI_METABOLISM",1.2142601243758e-44,1.50568255422599e-42,6.46701372981185,0.686220651561388
"KEGG_ALANINE_ASPARTATE_AND_GLUTAMATE_METABOLISM",1.47081922378297e-43,1.82381583749088e-41,6.38271251250776,-2.42065603523059
"REACTOME_GLUCAGON_SIGNALING_IN_METABOLIC_REGULATION",1.47081922378297e-43,1.82381583749088e-41,6.38271251250776,-1.31381166816185
"REACTOME_SULFUR_AMINO_ACID_METABOLISM",1.72581468066588e-42,2.14001020402569e-40,6.29837948648992,-2.01406642737266
"KEGG_PENTOSE_PHOSPHATE_PATHWAY",1.96163468973393e-41,2.43242701527007e-39,6.21401321062538,-3.7325987206416
"KEGG_TYROSINE_METABOLISM",1.96163468973393e-41,2.43242701527007e-39,6.21401321062538,-2.63035221975955
"KEGG_AMINO_SUGAR_AND_NUCLEOTIDE_SUGAR_METABOLISM",2.15989731613578e-40,2.67827267200837e-38,6.12961215820605,-3.38383438908429
"REACTOME_GLYCOSAMINOGLYCAN_METABOLISM",2.15989731613578e-40,2.67827267200837e-38,6.12961215820605,0.905107219070436
"KEGG_SELENOAMINO_ACID_METABOLISM",2.30378015681818e-39,2.85668739445454e-37,6.04517471059318,-2.53965554463014
"REACTOME_FOXO_MEDIATED_TRANSCRIPTION_OF_OXIDATIVE_STRESS_METABOLIC_AND_NEURONAL_GENES",2.30378015681818e-39,2.85668739445454e-37,6.04517471059318,0.474689349955649
"KEGG_ARACHIDONIC_ACID_METABOLISM",2.38256076949142e-37,2.95437535416936e-35,5.87618365338337,-0.220627910265381
"KEGG_GLYCEROLIPID_METABOLISM",2.38256076949142e-37,2.95437535416936e-35,5.87618365338337,-0.428205041930888
"REACTOME_GLYCEROPHOSPHOLIPID_BIOSYNTHESIS",2.38256076949142e-37,2.95437535416936e-35,5.87618365338337,-3.18547881251383
"KEGG_DRUG_METABOLISM_CYTOCHROME_P450",2.31016677129441e-36,2.86460679640507e-34,5.79162628128132,-0.914953387615655
"REACTOME_CHONDROITIN_SULFATE_DERMATAN_SULFATE_METABOLISM",2.31016677129441e-36,2.86460679640507e-34,5.79162628128132,0.437478825527476
"REACTOME_SYNTHESIS_OF_PC",2.31016677129441e-36,2.86460679640507e-34,5.79162628128132,-1.79075931232955
"KEGG_METABOLISM_OF_XENOBIOTICS_BY_CYTOCHROME_P450",1.97446409297483e-34,2.44833547528879e-32,5.62237752864796,-0.894199879778855
"REACTOME_BRANCHED_CHAIN_AMINO_ACID_CATABOLISM",1.97446409297483e-34,2.44833547528879e-32,5.62237752864796,-1.29053796776723
"REACTOME_CITRIC_ACID_CYCLE_TCA_CYCLE",1.97446409297483e-34,2.44833547528879e-32,5.62237752864796,-4.17600699537976
"REACTOME_INOSITOL_PHOSPHATE_METABOLISM",1.74044651351705e-33,2.15815367676114e-31,5.53768161178674,0.910844099438746
"KEGG_GALACTOSE_METABOLISM",1.48621351989098e-32,1.84290476466482e-30,5.4529347242682,-1.4628168018797
"KEGG_HISTIDINE_METABOLISM",1.48621351989098e-32,1.84290476466482e-30,5.4529347242682,-1.09743842350115
"REACTOME_DISEASES_ASSOCIATED_WITH_GLYCOSYLATION_PRECURSOR_BIOSYNTHESIS",1.48621351989098e-32,1.84290476466482e-30,5.4529347242682,-1.97895280662799
"REACTOME_FATTY_ACYL_COA_BIOSYNTHESIS",1.48621351989098e-32,1.84290476466482e-30,5.4529347242682,-1.22460035566943
"REACTOME_METABOLIC_DISORDERS_OF_BIOLOGICAL_OXIDATION_ENZYMES",1.48621351989098e-32,1.84290476466482e-30,5.4529347242682,-1.15553465134006
"REACTOME_METABOLISM_OF_STEROID_HORMONES",1.48621351989098e-32,1.84290476466482e-30,5.4529347242682,-1.20246666666398
"KEGG_GLYCEROPHOSPHOLIPID_METABOLISM",9.85281827681361e-31,1.22174946632489e-28,5.28327718769372,-0.785783370863357
"REACTOME_CHOLESTEROL_BIOSYNTHESIS",9.85281827681361e-31,1.22174946632489e-28,5.28327718769372,-2.40246301442638
"KEGG_GLYCOSAMINOGLYCAN_BIOSYNTHESIS_CHONDROITIN_SULFATE",7.64935813137827e-30,9.48520408290905e-28,5.19836063778079,0.0401213187709732
"REACTOME_DEFECTS_IN_VITAMIN_AND_COFACTOR_METABOLISM",5.75320940055457e-29,7.13397965668767e-27,5.11338128183626,-0.917906382425389
"KEGG_GLYCOSYLPHOSPHATIDYLINOSITOL_GPI_ANCHOR_BIOSYNTHESIS",4.19198059215845e-28,5.19805593427648e-26,5.02833561444881,-0.906092390995706
"KEGG_PORPHYRIN_AND_CHLOROPHYLL_METABOLISM",4.19198059215845e-28,5.19805593427648e-26,5.02833561444881,-1.47203964444643
"REACTOME_SYNTHESIS_OF_GLYCOSYLPHOSPHATIDYLINOSITOL_GPI",4.19198059215845e-28,5.19805593427648e-26,5.02833561444881,-0.464362689113359
"REACTOME_SYNTHESIS_OF_IP3_AND_IP4_IN_THE_CYTOSOL",4.19198059215845e-28,5.19805593427648e-26,5.02833561444881,0.911952901526935
"REACTOME_SPHINGOLIPID_METABOLISM",2.95907259463446e-27,3.66925001734673e-25,4.94321987120166,-0.654720510573547
"REACTOME_SYNTHESIS_OF_VERY_LONG_CHAIN_FATTY_ACYL_COAS",2.95907259463446e-27,3.66925001734673e-25,4.94321987120166,-0.462136847677956
"REACTOME_COLLAGEN_BIOSYNTHESIS_AND_MODIFYING_ENZYMES",2.02359123709369e-26,2.50925313399618e-24,4.85803000451362,-1.11174105541555
"REACTOME_SIALIC_ACID_METABOLISM",2.02359123709369e-26,2.50925313399618e-24,4.85803000451362,0.0627380854789227
"KEGG_SPHINGOLIPID_METABOLISM",1.34067800027187e-25,1.66244072033712e-23,4.77276165672593,-0.315740933282369
"REACTOME_DISEASES_ASSOCIATED_WITH_GLYCOSAMINOGLYCAN_METABOLISM",1.34067800027187e-25,1.66244072033712e-23,4.77276165672593,-0.228673526685747
"REACTOME_SYNTHESIS_OF_PA",1.34067800027187e-25,1.66244072033712e-23,4.77276165672593,-0.357593881001306
"KEGG_BUTANOATE_METABOLISM",8.60527170589975e-25,1.06705369153157e-22,4.68741013006007,-1.7763305231487
"REACTOME_SYNTHESIS_OF_PIPS_AT_THE_GOLGI_MEMBRANE",8.60527170589975e-25,1.06705369153157e-22,4.68741013006007,-0.652461453875295
"REACTOME_VITAMIN_B5_PANTOTHENATE_METABOLISM",8.60527170589975e-25,1.06705369153157e-22,4.68741013006007,-0.761716253584806
"KEGG_STARCH_AND_SUCROSE_METABOLISM",5.35115073722742e-24,6.635426914162e-22,4.60197035301143,-0.642375621492306
"KEGG_TRYPTOPHAN_METABOLISM",1.0641280705836e-21,1.31951880752366e-19,4.3450643741217,-1.21096660867988
"REACTOME_METABOLISM_OF_PORPHYRINS",1.0641280705836e-21,1.31951880752366e-19,4.3450643741217,-1.11929134105085
"KEGG_BIOSYNTHESIS_OF_UNSATURATED_FATTY_ACIDS",5.83030918146285e-21,7.22958338501393e-19,4.25921198448953,-0.576772721995675
"REACTOME_BILE_ACID_AND_BILE_SALT_METABOLISM",5.83030918146285e-21,7.22958338501393e-19,4.25921198448953,-0.475864910759772
"REACTOME_SYNTHESIS_OF_BILE_ACIDS_AND_BILE_SALTS",5.83030918146285e-21,7.22958338501393e-19,4.25921198448953,-0.475346771111201
"REACTOME_SYNTHESIS_OF_BILE_ACIDS_AND_BILE_SALTS_VIA_7ALPHA_HYDROXYCHOLESTEROL",5.83030918146285e-21,7.22958338501393e-19,4.25921198448953,-0.443221810245127
"KEGG_ETHER_LIPID_METABOLISM",3.09496350762679e-20,3.83775474945722e-18,4.17323888390897,-0.429910597451563
"REACTOME_GLYCOSPHINGOLIPID_METABOLISM",3.09496350762679e-20,3.83775474945722e-18,4.17323888390897,-0.141195984679271
"REACTOME_METABOLISM_OF_FAT_SOLUBLE_VITAMINS",1.59181018210258e-19,1.9738446258072e-17,4.08713677731417,-0.0818128080184284
"REACTOME_HEPARAN_SULFATE_HEPARIN_HS_GAG_METABOLISM",7.93240113799911e-19,9.8361774111189e-17,4.00089660534614,0.293191061054691
"REACTOME_KERATAN_SULFATE_KERATIN_METABOLISM",7.93240113799911e-19,9.8361774111189e-17,4.00089660534614,0.226870199173952
"REACTOME_PEROXISOMAL_LIPID_METABOLISM",7.93240113799911e-19,9.8361774111189e-17,4.00089660534614,-0.514747004225332
"KEGG_FATTY_ACID_METABOLISM",8.12221035323039e-17,1.00715408380057e-14,3.74124365444883,-1.96152100841803
"REACTOME_SPHINGOLIPID_DE_NOVO_BIOSYNTHESIS",3.56749691091583e-16,4.42369616953563e-14,3.6543418982226,-0.513524525894276
"KEGG_RETINOL_METABOLISM",9.6901238729472e-14,1.20157536024545e-11,3.30458000144976,-0.205794532199422
"REACTOME_SYNTHESIS_OF_PIPS_AT_THE_EARLY_ENDOSOME_MEMBRANE",9.6901238729472e-14,1.20157536024545e-11,3.30458000144976,0.0796320429010058
"REACTOME_KERATAN_SULFATE_BIOSYNTHESIS",1.32240927298422e-12,1.63978749850043e-10,3.12813241869787,0.158938862104528
"KEGG_GLYCOSAMINOGLYCAN_BIOSYNTHESIS_HEPARAN_SULFATE",4.66051712619044e-12,5.77904123647615e-10,3.03943155978297,-0.14050000736464
"KEGG_GLYCOSAMINOGLYCAN_DEGRADATION",0.000160158462101912,0.0198596493006371,1.30461811459577,0.41069922892009
"KEGG_GLYCOSPHINGOLIPID_BIOSYNTHESIS_LACTO_AND_NEOLACTO_SERIES",0.000160158462101912,0.0198596493006371,1.30461811459577,-0.197244924873457
"REACTOME_HS_GAG_BIOSYNTHESIS",0.999999999305237,1,0,0.137129066685944
