"pathway","vanilla_raw_p","genept_raw_p","embedding_rank","projected_rank","vanilla_adjusted_p","vanilla_qval","genept_adjusted_p","genept_qval","vanilla_rank","genept_rank","rank_delta","l2_raw_p","l2_adjusted_p","l2_qval","l2_rank"
"HALLMARK_BILE_ACID_METABOLISM",0.0233436169134307,0.351986208769717,80,75,1,0,1,0,31,21,-10,0.0513887607461245,1,0,17
"HALLMARK_FATTY_ACID_METABOLISM",3.81265104892234e-05,0.00059618767048381,129,124,0.00468956079017448,1.52606285259303,0.0733310834695086,1.06522856619588,5,8,3,7.93371655046569e-05,0.0097584713570728,1.417962696362,2
"HALLMARK_GLYCOLYSIS",0.101341801629482,0.000160158462101912,166,145,1,0,0.0196994908385352,1.30596515981639,32,4,-28,0.0010996776918826,0.13526035610156,0.932110226066041,10
"HALLMARK_HEME_METABOLISM",0.0513887607461245,0.230392335941705,166,147,1,0,1,0,33,22,-11,0.136726085875245,1,0,18
"HALLMARK_OXIDATIVE_PHOSPHORYLATION",0.00577645522630862,3.59717677613814e-08,197,196,0.71050399283596,0.385270654364906,4.42452743464991e-06,2.31389997788891,25,2,-23,0.0233436169134307,1,0,19
"KEGG_ALANINE_ASPARTATE_AND_GLUTAMATE_METABOLISM",0.562150599897062,0.94372001658599,23,18,1,0,1,0,34,23,-11,1,1,0,20
"KEGG_AMINO_SUGAR_AND_NUCLEOTIDE_SUGAR_METABOLISM",0.0731481276708723,0.179741341532766,40,39,1,0,1,0,35,24,-11,0.288162930520753,1,0,21
"KEGG_ARACHIDONIC_ACID_METABOLISM",0.0034223189265975,0.0233436169134307,27,22,0.420945227971492,0.613004412282997,1,0,23,25,2,0.999999999774808,1,0,22
"KEGG_ARGININE_AND_PROLINE_METABOLISM",0.230392335941705,0.00577645522630862,41,40,1,0,0.71050399283596,0.385270654364906,36,16,-20,0.136726085875245,1,0,23
"KEGG_BETA_ALANINE_METABOLISM",0.0351222601892017,0.00946978291842922,20,17,1,0,1,0,37,26,-11,0.999999983078982,1,0,24
"KEGG_BIOSYNTHESIS_OF_UNSATURATED_FATTY_ACIDS",0.0513887607461245,0.0233436169134307,19,18,1,0,1,0,38,27,-11,1,1,0,25
"KEGG_BUTANOATE_METABOLISM",0.00946978291842922,0.351986208769717,26,24,1,0,1,0,39,28,-11,0.998724216773701,1,0,26
"KEGG_CYSTEINE_AND_METHIONINE_METABOLISM",0.00577645522630862,0.179741341532766,27,24,0.71050399283596,0.385270654364906,1,0,26,29,3,0.351986208769717,1,0,27
"KEGG_DRUG_METABOLISM_CYTOCHROME_P450",0.0010996776918826,0.00059618767048381,21,17,0.13526035610156,0.932110226066041,0.0733310834695086,1.06522856619588,15,9,-6,0.999978425151953,1,0,28
"KEGG_DRUG_METABOLISM_OTHER_ENZYMES",0.351986208769717,0.101341801629482,20,19,1,0,1,0,40,30,-10,0.999999999999496,1,0,29
"KEGG_ETHER_LIPID_METABOLISM",0.993445062647761,0.999303153456956,19,17,1,0,1,0,41,31,-10,1,1,0,30
"KEGG_FATTY_ACID_METABOLISM",0.0233436169134307,0.0233436169134307,32,32,1,0,1,0,42,32,-10,0.0351222601892017,1,0,31
"KEGG_FRUCTOSE_AND_MANNOSE_METABOLISM",0.420283707542506,0.562150599897062,29,29,1,0,1,0,43,33,-10,0.999978425151953,1,0,32
"KEGG_GALACTOSE_METABOLISM",0.0731481276708723,0.0731481276708723,21,20,1,0,1,0,44,34,-10,0.999999999999865,1,0,33
"KEGG_GLUTATHIONE_METABOLISM",0.0731481276708723,0.101341801629482,35,33,1,0,1,0,45,35,-10,0.101341801629482,1,0,34
"KEGG_GLYCEROLIPID_METABOLISM",0.288162930520753,0.562150599897062,40,35,1,0,1,0,46,36,-10,0.993445062647761,1,0,35
"KEGG_GLYCEROPHOSPHOLIPID_METABOLISM",0.631270397757246,0.101341801629482,57,53,1,0,1,0,47,37,-10,0.49107566468588,1,0,36
"KEGG_GLYCINE_SERINE_AND_THREONINE_METABOLISM",1,1,25,19,1,0,1,0,48,38,-10,1,1,0,37
"KEGG_GLYCOLYSIS_GLUCONEOGENESIS",0.0233436169134307,0.0150822934297104,42,41,1,0,1,0,49,39,-10,0.00196887460329715,0.242171576205549,0.784778205325666,13
"KEGG_GLYCOSAMINOGLYCAN_BIOSYNTHESIS_CHONDROITIN_SULFATE",0.755786128119809,0.974075350370635,18,17,1,0,1,0,50,40,-10,0.999999999999496,1,0,38
"KEGG_GLYCOSAMINOGLYCAN_BIOSYNTHESIS_HEPARAN_SULFATE",0.999999999999998,0.999999999999496,17,15,1,0,1,0,51,41,-10,1,1,0,39
"KEGG_GLYCOSAMINOGLYCAN_DEGRADATION",0.631270397757246,0.8532336682836,16,16,1,0,1,0,52,42,-10,1,1,0,40
"KEGG_GLYCOSPHINGOLIPID_BIOSYNTHESIS_LACTO_AND_NEOLACTO_SERIES",1,0.999999999999998,18,15,1,0,1,0,53,43,-10,1,1,0,41
"KEGG_GLYCOSYLPHOSPHATIDYLINOSITOL_GPI_ANCHOR_BIOSYNTHESIS",0.288162930520753,0.136726085875245,24,23,1,0,1,0,54,44,-10,0.999995656736981,1,0,42
"KEGG_HISTIDINE_METABOLISM",0.755786128119809,0.696379525408901,21,16,1,0,1,0,55,45,-10,1,1,0,43
"KEGG_INOSITOL_PHOSPHATE_METABOLISM",0.0150822934297104,0.00946978291842922,50,46,1,0,1,0,56,46,-10,0.101341801629482,1,0,44
"KEGG_METABOLISM_OF_XENOBIOTICS_BY_CYTOCHROME_P450",3.81265104892234e-05,0.000313688994347936,23,18,0.00468956079017448,1.52606285259303,0.0385837463047961,1.18894726823464,6,6,0,0.999303153456956,1,0,45
"KEGG_NICOTINATE_AND_NICOTINAMIDE_METABOLISM",0.420283707542506,0.562150599897062,19,18,1,0,1,0,57,47,-10,1,1,0,46
"KEGG_NITROGEN_METABOLISM",0.974075350370635,0.989331698428969,16,12,1,0,1,0,58,48,-10,1,1,0,47
"KEGG_OXIDATIVE_PHOSPHORYLATION",0.179741341532766,0.00196887460329715,107,102,1,0,0.242171576205549,0.784778205325666,59,13,-46,0.0731481276708723,1,0,48
"KEGG_PENTOSE_PHOSPHATE_PATHWAY",0.136726085875245,0.890501459250417,22,22,1,0,1,0,60,49,-11,0.999978425151953,1,0,49
"KEGG_PORPHYRIN_AND_CHLOROPHYLL_METABOLISM",0.0233436169134307,0.0351222601892017,20,18,1,0,1,0,61,50,-11,0.999303153456956,1,0,50
"KEGG_PROPANOATE_METABOLISM",0.00196887460329715,0.351986208769717,29,29,0.242171576205549,0.784778205325666,1,0,18,51,33,0.0351222601892017,1,0,51
"KEGG_PURINE_METABOLISM",3.59717677613814e-08,8.03548663493119e-06,126,120,4.42452743464991e-06,2.31389997788891,0.000988364856096536,1.73351743731473,2,3,1,0.0010996776918826,0.13526035610156,0.932110226066041,11
"KEGG_PYRIMIDINE_METABOLISM",0.101341801629482,0.00946978291842922,88,86,1,0,1,0,62,52,-10,0.420283707542506,1,0,52
"KEGG_PYRUVATE_METABOLISM",0.00946978291842922,0.420283707542506,33,33,1,0,1,0,63,53,-10,0.0513887607461245,1,0,53
"KEGG_RETINOL_METABOLISM",0.961267416710618,0.989331698428969,17,14,1,0,1,0,64,54,-10,1,1,0,54
"KEGG_SELENOAMINO_ACID_METABOLISM",0.230392335941705,0.101341801629482,22,20,1,0,1,0,65,55,-10,0.999999993977795,1,0,55
"KEGG_SPHINGOLIPID_METABOLISM",0.696379525408901,0.920433755749286,32,26,1,0,1,0,66,56,-10,0.999999999305237,1,0,56
"KEGG_STARCH_AND_SUCROSE_METABOLISM",0.0233436169134307,0.136726085875245,21,20,1,0,1,0,67,57,-10,0.999999999305237,1,0,57
"KEGG_TRYPTOPHAN_METABOLISM",0.0233436169134307,0.0513887607461245,23,18,1,0,1,0,68,58,-10,1,1,0,58
"KEGG_TYROSINE_METABOLISM",0.00196887460329715,0.0513887607461245,24,17,0.242171576205549,0.784778205325666,1,0,19,59,40,0.999995656736981,1,0,59
"REACTOME_ARACHIDONIC_ACID_METABOLISM",0.00196887460329715,0.0034223189265975,35,26,0.242171576205549,0.784778205325666,0.420945227971492,0.613004412282997,20,15,-5,0.696379525408901,1,0,60
"REACTOME_BILE_ACID_AND_BILE_SALT_METABOLISM",0.996087934623775,0.983130561728571,23,19,1,0,1,0,69,60,-9,1,1,0,61
"REACTOME_BIOLOGICAL_OXIDATIONS",0.136726085875245,0.0150822934297104,111,95,1,0,1,0,70,61,-9,0.00196887460329715,0.242171576205549,0.784778205325666,14
"REACTOME_BIOSYNTHESIS_OF_THE_N_GLYCAN_PRECURSOR_DOLICHOL_LIPID_LINKED_OLIGOSACCHARIDE_LLO_AND_TRANSFER_TO_A_NASCENT_PROTEIN",0.562150599897062,0.0351222601892017,66,66,1,0,1,0,71,62,-9,0.0513887607461245,1,0,62
"REACTOME_BRANCHED_CHAIN_AMINO_ACID_CATABOLISM",0.0034223189265975,0.00577645522630862,21,20,0.420945227971492,0.613004412282997,0.71050399283596,0.385270654364906,24,17,-7,0.999995656736981,1,0,63
"REACTOME_CHOLESTEROL_BIOSYNTHESIS",0.562150599897062,0.101341801629482,25,25,1,0,1,0,72,63,-9,0.993445062647761,1,0,64
"REACTOME_CHONDROITIN_SULFATE_DERMATAN_SULFATE_METABOLISM",0.0150822934297104,0.351986208769717,33,29,1,0,1,0,73,64,-9,0.997732715824954,1,0,65
"REACTOME_CITRIC_ACID_CYCLE_TCA_CYCLE",0.0150822934297104,0.0150822934297104,22,22,1,0,1,0,74,65,-9,0.920433755749286,1,0,66
"REACTOME_COLLAGEN_BIOSYNTHESIS_AND_MODIFYING_ENZYMES",0.00946978291842922,0.101341801629482,32,25,1,0,1,0,75,66,-9,1,1,0,67
"REACTOME_DEFECTS_IN_VITAMIN_AND_COFACTOR_METABOLISM",0.808288747360044,0.8532336682836,20,19,1,0,1,0,76,67,-9,0.999999999999991,1,0,68
"REACTOME_DISEASES_ASSOCIATED_WITH_GLYCOSAMINOGLYCAN_METABOLISM",0.997732715824954,0.974075350370635,26,19,1,0,1,0,77,68,-9,1,1,0,69
"REACTOME_DISEASES_ASSOCIATED_WITH_GLYCOSYLATION_PRECURSOR_BIOSYNTHESIS",0.49107566468588,0.351986208769717,18,18,1,0,1,0,78,69,-9,0.999999999999865,1,0,70
"REACTOME_DISEASES_OF_CARBOHYDRATE_METABOLISM",0.00059618767048381,0.0150822934297104,27,24,0.0733310834695086,1.06522856619588,1,0,12,70,58,7.93371655046569e-05,0.0097584713570728,1.417962696362,3
"REACTOME_DISEASES_OF_METABOLISM",0.00577645522630862,0.0150822934297104,166,144,0.71050399283596,0.385270654364906,1,0,27,71,44,0.0513887607461245,1,0,71
"REACTOME_FATTY_ACID_METABOLISM",0.420283707542506,0.101341801629482,135,121,1,0,1,0,79,72,-7,0.179741341532766,1,0,72
"REACTOME_FATTY_ACYL_COA_BIOSYNTHESIS",0.136726085875245,0.179741341532766,31,29,1,0,1,0,80,73,-7,0.983130561728571,1,0,73
"REACTOME_FOXO_MEDIATED_TRANSCRIPTION_OF_OXIDATIVE_STRESS_METABOLIC_AND_NEURONAL_GENES",0.0150822934297104,0.0150822934297104,21,19,1,0,1,0,81,74,-7,0.696379525408901,1,0,74
"REACTOME_GLUCAGON_SIGNALING_IN_METABOLIC_REGULATION",7.93371655046569e-05,0.00577645522630862,26,23,0.0097584713570728,1.417962696362,0.71050399283596,0.385270654364906,8,18,10,0.0233436169134307,1,0,75
"REACTOME_GLUCONEOGENESIS",6.1774102028672e-07,0.0233436169134307,27,27,7.59821454952666e-05,2.02960302707371,1,0,3,75,72,0.000313688994347936,0.0385837463047961,1.18894726823464,5
"REACTOME_GLUCOSE_METABOLISM",0.0233436169134307,0.0150822934297104,79,79,1,0,1,0,82,76,-6,0.00059618767048381,0.0733310834695086,1.06522856619588,7
"REACTOME_GLYCEROPHOSPHOLIPID_BIOSYNTHESIS",0.179741341532766,0.696379525408901,94,88,1,0,1,0,83,77,-6,0.230392335941705,1,0,76
"REACTOME_GLYCOGEN_METABOLISM",7.93371655046569e-05,0.420283707542506,22,21,0.0097584713570728,1.417962696362,1,0,9,78,69,0.000160158462101912,0.0196994908385352,1.30596515981639,4
"REACTOME_GLYCOLYSIS",0.00577645522630862,0.230392335941705,63,63,0.71050399283596,0.385270654364906,1,0,28,79,51,0.000313688994347936,0.0385837463047961,1.18894726823464,6
"REACTOME_GLYCOSAMINOGLYCAN_METABOLISM",0.000160158462101912,0.000313688994347936,83,70,0.0196994908385352,1.30596515981639,0.0385837463047961,1.18894726823464,10,7,-3,0.0513887607461245,1,0,77
"REACTOME_GLYCOSPHINGOLIPID_METABOLISM",0.288162930520753,0.420283707542506,36,33,1,0,1,0,84,80,-4,0.999303153456956,1,0,78
"REACTOME_GLYOXYLATE_METABOLISM_AND_GLYCINE_DEGRADATION",0.0513887607461245,0.351986208769717,23,21,1,0,1,0,85,81,-4,0.998724216773701,1,0,79
"REACTOME_HEPARAN_SULFATE_HEPARIN_HS_GAG_METABOLISM",0.983130561728571,0.989331698428969,33,28,1,0,1,0,86,82,-4,1,1,0,80
"REACTOME_HS_GAG_BIOSYNTHESIS",1,1,17,13,1,0,1,0,87,83,-4,1,1,0,81
"REACTOME_INOSITOL_PHOSPHATE_METABOLISM",0.179741341532766,0.631270397757246,42,38,1,0,1,0,88,84,-4,0.179741341532766,1,0,82
"REACTOME_INTEGRATION_OF_ENERGY_METABOLISM",0.00059618767048381,0.00577645522630862,79,71,0.0733310834695086,1.06522856619588,0.71050399283596,0.385270654364906,13,19,6,0.0351222601892017,1,0,83
"REACTOME_KERATAN_SULFATE_BIOSYNTHESIS",0.230392335941705,0.808288747360044,19,15,1,0,1,0,89,85,-4,0.999999999999965,1,0,84
"REACTOME_KERATAN_SULFATE_KERATIN_METABOLISM",0.00059618767048381,0.00196887460329715,25,21,0.0733310834695086,1.06522856619588,0.242171576205549,0.784778205325666,14,14,0,0.999998138909655,1,0,85
"REACTOME_METABOLIC_DISORDERS_OF_BIOLOGICAL_OXIDATION_ENZYMES",0.996087934623775,0.999630586025759,20,16,1,0,1,0,90,86,-4,1,1,0,86
"REACTOME_METABOLISM_OF_AMINO_ACIDS_AND_DERIVATIVES",4.62765891657924e-09,5.26903195422322e-11,295,275,5.69202046739247e-07,2.49894648741163,6.48090930369456e-09,2.8615317674606,1,1,0,0.0010996776918826,0.13526035610156,0.932110226066041,12
"REACTOME_METABOLISM_OF_CARBOHYDRATES",3.52341775794401e-06,0.00577645522630862,224,208,0.000433380384227113,1.83388406114409,0.71050399283596,0.385270654364906,4,20,16,0.0150822934297104,1,0,87
"REACTOME_METABOLISM_OF_COFACTORS",0.179741341532766,0.0351222601892017,19,19,1,0,1,0,91,87,-4,0.631270397757246,1,0,88
"REACTOME_METABOLISM_OF_FAT_SOLUBLE_VITAMINS",0.998724216773701,0.999809962501969,26,20,1,0,1,0,92,88,-4,1,1,0,89
"REACTOME_METABOLISM_OF_FOLATE_AND_PTERINES",0.999999999999496,0.999999999929255,15,14,1,0,1,0,93,89,-4,1,1,0,90
"REACTOME_METABOLISM_OF_NUCLEOTIDES",0.49107566468588,0.0150822934297104,82,81,1,0,1,0,94,90,-4,0.00196887460329715,0.242171576205549,0.784778205325666,15
"REACTOME_METABOLISM_OF_POLYAMINES",0.0731481276708723,0.00059618767048381,58,57,1,0,0.0733310834695086,1.06522856619588,95,10,-85,0.230392335941705,1,0,91
"REACTOME_METABOLISM_OF_PORPHYRINS",0.999905146038811,0.993445062647761,18,17,1,0,1,0,96,91,-5,1,1,0,92
"REACTOME_METABOLISM_OF_STEROID_HORMONES",0.0513887607461245,0.101341801629482,21,17,1,0,1,0,97,92,-5,1,1,0,93
"REACTOME_METABOLISM_OF_STEROIDS",0.0351222601892017,0.136726085875245,112,103,1,0,1,0,98,93,-5,0.00946978291842922,1,0,94
"REACTOME_METABOLISM_OF_VITAMINS_AND_COFACTORS",0.420283707542506,0.0351222601892017,145,135,1,0,1,0,99,94,-5,0.179741341532766,1,0,95
"REACTOME_METABOLISM_OF_WATER_SOLUBLE_VITAMINS_AND_COFACTORS",0.136726085875245,0.0233436169134307,101,97,1,0,1,0,100,95,-5,0.101341801629482,1,0,96
"REACTOME_MITOCHONDRIAL_FATTY_ACID_BETA_OXIDATION",0.00946978291842922,0.0233436169134307,30,29,1,0,1,0,101,96,-5,0.696379525408901,1,0,97
"REACTOME_NICOTINATE_METABOLISM",0.0513887607461245,0.0731481276708723,24,23,1,0,1,0,102,97,-5,0.999809962501969,1,0,98
"REACTOME_NUCLEOBASE_CATABOLISM",0.00577645522630862,0.0010996776918826,27,26,0.71050399283596,0.385270654364906,0.13526035610156,0.932110226066041,29,11,-18,0.562150599897062,1,0,99
"REACTOME_PEPTIDE_HORMONE_METABOLISM",0.0010996776918826,0.288162930520753,37,35,0.13526035610156,0.932110226066041,1,0,16,98,82,1.77726970010602e-05,0.0021860417311304,1.63105534906276,1
"REACTOME_PEROXISOMAL_LIPID_METABOLISM",0.0150822934297104,0.0351222601892017,26,24,1,0,1,0,103,99,-4,0.999999993977795,1,0,100
"REACTOME_PHOSPHOLIPID_METABOLISM",0.0233436169134307,0.0150822934297104,166,158,1,0,1,0,104,100,-4,0.0351222601892017,1,0,101
"REACTOME_PI_METABOLISM",0.00946978291842922,0.101341801629482,73,71,1,0,1,0,105,101,-4,0.230392335941705,1,0,102
"REACTOME_PYRUVATE_METABOLISM",0.00946978291842922,0.288162930520753,26,26,1,0,1,0,106,102,-4,0.00577645522630862,0.71050399283596,0.385270654364906,16
"REACTOME_PYRUVATE_METABOLISM_AND_CITRIC_ACID_TCA_CYCLE",0.136726085875245,0.101341801629482,50,50,1,0,1,0,107,103,-4,0.0731481276708723,1,0,103
"REACTOME_REGULATION_OF_CHOLESTEROL_BIOSYNTHESIS_BY_SREBP_SREBF",0.0150822934297104,0.101341801629482,54,53,1,0,1,0,108,104,-4,0.0351222601892017,1,0,104
"REACTOME_REGULATION_OF_LIPID_METABOLISM_BY_PPARALPHA",0.288162930520753,0.0010996776918826,96,94,1,0,0.13526035610156,0.932110226066041,109,12,-97,0.0233436169134307,1,0,105
"REACTOME_RESPIRATORY_ELECTRON_TRANSPORT",0.00577645522630862,0.136726085875245,90,90,0.71050399283596,0.385270654364906,1,0,30,105,75,0.0233436169134307,1,0,106
"REACTOME_SIALIC_ACID_METABOLISM",0.288162930520753,0.288162930520753,23,23,1,0,1,0,110,106,-4,0.999990170518365,1,0,107
"REACTOME_SPHINGOLIPID_DE_NOVO_BIOSYNTHESIS",0.420283707542506,0.136726085875245,35,29,1,0,1,0,111,107,-4,0.179741341532766,1,0,108
"REACTOME_SPHINGOLIPID_METABOLISM",0.136726085875245,0.562150599897062,71,62,1,0,1,0,112,108,-4,0.0513887607461245,1,0,109
"REACTOME_SULFUR_AMINO_ACID_METABOLISM",0.420283707542506,0.288162930520753,22,21,1,0,1,0,113,109,-4,0.999303153456956,1,0,110
"REACTOME_SYNTHESIS_OF_ACTIVE_UBIQUITIN_ROLES_OF_E1_AND_E2_ENZYMES",0.00196887460329715,0.0233436169134307,29,28,0.242171576205549,0.784778205325666,1,0,21,110,89,0.00059618767048381,0.0733310834695086,1.06522856619588,8
"REACTOME_SYNTHESIS_OF_BILE_ACIDS_AND_BILE_SALTS",0.989331698428969,0.961267416710618,22,18,1,0,1,0,114,111,-3,1,1,0,111
"REACTOME_SYNTHESIS_OF_GLYCOSYLPHOSPHATIDYLINOSITOL_GPI",0.890501459250417,0.920433755749286,17,16,1,0,1,0,115,112,-3,0.999999999999998,1,0,112
"REACTOME_SYNTHESIS_OF_IP3_AND_IP4_IN_THE_CYTOSOL",0.00196887460329715,0.0351222601892017,21,19,0.242171576205549,0.784778205325666,1,0,22,113,91,0.999978425151953,1,0,113
"REACTOME_SYNTHESIS_OF_PA",0.230392335941705,0.420283707542506,28,27,1,0,1,0,116,114,-2,0.999999993977795,1,0,114
"REACTOME_SYNTHESIS_OF_PC",3.81265104892234e-05,0.000160158462101912,22,20,0.00468956079017448,1.52606285259303,0.0196994908385352,1.30596515981639,7,5,-2,0.999905146038811,1,0,115
"REACTOME_SYNTHESIS_OF_PIPS_AT_THE_EARLY_ENDOSOME_MEMBRANE",0.999905146038811,0.999990170518365,16,16,1,0,1,0,117,115,-2,1,1,0,116
"REACTOME_SYNTHESIS_OF_PIPS_AT_THE_GOLGI_MEMBRANE",0.94372001658599,0.49107566468588,15,15,1,0,1,0,118,116,-2,1,1,0,117
"REACTOME_SYNTHESIS_OF_PIPS_AT_THE_PLASMA_MEMBRANE",0.179741341532766,0.0731481276708723,47,45,1,0,1,0,119,117,-2,0.101341801629482,1,0,118
"REACTOME_SYNTHESIS_OF_SUBSTRATES_IN_N_GLYCAN_BIOSYTHESIS",0.0513887607461245,0.136726085875245,52,52,1,0,1,0,120,118,-2,0.00059618767048381,0.0733310834695086,1.06522856619588,9
"REACTOME_SYNTHESIS_OF_VERY_LONG_CHAIN_FATTY_ACYL_COAS",0.288162930520753,0.631270397757246,18,18,1,0,1,0,121,119,-2,1,1,0,119
"REACTOME_TP53_REGULATES_METABOLIC_GENES",0.000160158462101912,0.0233436169134307,79,78,0.0196994908385352,1.30596515981639,1,0,11,120,109,0.00946978291842922,1,0,120
"REACTOME_TRIGLYCERIDE_CATABOLISM",0.00946978291842922,0.0351222601892017,15,13,1,0,1,0,122,121,-1,0.99999999997846,1,0,121
"REACTOME_TRIGLYCERIDE_METABOLISM",0.0010996776918826,0.0351222601892017,23,21,0.13526035610156,0.932110226066041,1,0,17,122,105,0.996087934623775,1,0,122
"REACTOME_VITAMIN_B5_PANTOTHENATE_METABOLISM",0.920433755749286,0.94372001658599,15,15,1,0,1,0,123,123,0,1,1,0,123
