comparison,pathway,detection_state,n_genes,vanilla_top_supporting_gene,genept_top_supporting_gene,vanilla_top_absolute_gene,genept_top_absolute_gene,signed_delta_spearman,absolute_rank_spearman,top5_overlap,top10_overlap,top20pct_overlap,n_vanilla_detection_flip_genes,n_genept_detection_flip_genes,largest_genept_vs_vanilla_rank_difference_gene,largest_genept_vs_vanilla_percentile_difference,largest_vanilla_vs_genept_rank_difference_gene,largest_vanilla_vs_genept_percentile_difference
cd4_0h_vs_12h,KEGG_NITROGEN_METABOLISM,GenePT-only significant,17,GLS,GLS,GLS,GLS,0.6024193537990605,0.4797862429522423,3,6,3,4,5,GLUD1,0.71875,CA2,-0.53125
cd4_0h_vs_12h,KEGG_PENTOSE_PHOSPHATE_PATHWAY,Vanilla-only significant,22,PFKP,PFKM,PFKL,PGLS,0.15666685592044163,0.20860062031395818,2,4,2,0,10,PRPS1,0.8809523809523809,PFKP,-0.7142857142857143
cd4_0h_vs_12h,KEGG_PORPHYRIN_AND_CHLOROPHYLL_METABOLISM,Vanilla-only significant,20,FTH1,FTH1,FTH1,FTH1,0.33316085539077794,0.4747640524872125,1,6,1,9,3,BLVRB,0.6842105263157895,ALAD,-0.5789473684210527
cd4_0h_vs_12h,REACTOME_BRANCHED_CHAIN_AMINO_ACID_CATABOLISM,Vanilla-only significant,21,HSD17B10,HSD17B10,DLD,DLD,0.22703258434190185,0.4695972377726965,2,6,2,6,4,HIBADH,0.75,MCCC1,-0.575
cd4_0h_vs_12h,REACTOME_DISEASES_ASSOCIATED_WITH_GLYCOSYLATION_PRECURSOR_BIOSYNTHESIS,Vanilla-only significant,18,DPM1,PMM2,DHDDS,PMM2,0.006263061665239625,0.01252612333047925,1,6,1,9,7,DOLK,0.6764705882352942,DHDDS,-0.9411764705882353
cd4_0h_vs_12h,REACTOME_GLYCOSPHINGOLIPID_METABOLISM,Vanilla-only significant,36,SUMF2,SUMF2,SUMF2,ARSK,0.034438952039229025,0.6549960687841939,2,4,4,19,18,GALC,0.44285714285714284,HEXA,-0.6285714285714286
cd4_0h_vs_12h,REACTOME_GLYOXYLATE_METABOLISM_AND_GLYCINE_DEGRADATION,Vanilla-only significant,23,NDUFAB1,NDUFAB1,NDUFAB1,NDUFAB1,0.3419252328639822,0.5320264141707792,3,6,3,6,4,LIPT2,0.6136363636363635,AMT,-0.6363636363636364
cd4_0h_vs_12h,REACTOME_INOSITOL_PHOSPHATE_METABOLISM,Vanilla-only significant,42,INPP4A,ITPK1,INPP4A,INPP4B,-0.0543735027986374,0.31194524781893035,1,5,4,1,17,OCRL,0.7195121951219512,PTEN,-0.8292682926829269
cd4_0h_vs_12h,REACTOME_METABOLISM_OF_STEROID_HORMONES,Vanilla-only significant,21,FDX1,HSD11B2,FDX1,HSD17B11,-0.0449400898535851,-0.023635158367441057,1,4,1,2,5,HSD11B2,0.6499999999999999,TSPO,-0.85
cd4_0h_vs_12h,REACTOME_REGULATION_OF_LIPID_METABOLISM_BY_PPARALPHA,Vanilla-only significant,99,GLIPR1,NR1H2,MED13,ACADM,-0.20237571069295604,0.3385107948871891,0,1,4,1,50,ACADM,0.8928571428571429,TGS1,-0.7244897959183674
cd4_0h_vs_12h,REACTOME_SPHINGOLIPID_METABOLISM,Vanilla-only significant,72,ORMDL1,ASAH1,SPTLC1,ORMDL2,-0.017568513893744267,0.34482156030238276,1,4,5,0,2,OSBP,0.7605633802816901,ORMDL1,-0.8450704225352113
cd4_0h_vs_24h,KEGG_ETHER_LIPID_METABOLISM,Vanilla-only significant,19,PAFAH1B3,PAFAH1B3,PAFAH1B3,PAFAH1B3,0.40516558313928736,0.2940499382649678,2,8,1,2,11,PLA2G4B,0.5833333333333333,PAFAH1B1,-0.861111111111111
cd4_0h_vs_24h,KEGG_GLYCOSAMINOGLYCAN_BIOSYNTHESIS_CHONDROITIN_SULFATE,Vanilla-only significant,18,B3GAT3,B3GAT3,B3GAT3,B3GAT3,0.5115194463309826,0.39738307038404896,3,6,2,14,1,DSE,0.6176470588235294,CSGALNACT1,-0.7058823529411765
cd4_0h_vs_24h,KEGG_RETINOL_METABOLISM,Vanilla-only significant,17,ADH5,ADH5,ADH5,ADH5,0.262351538620387,0.29143146820240584,2,7,1,10,0,RDH10,0.59375,RDH5,-0.625
cd4_0h_vs_24h,REACTOME_BILE_ACID_AND_BILE_SALT_METABOLISM,Vanilla-only significant,23,SCP2,SCP2,SCP2,SCP2,0.4798087278771023,-0.03962649672630462,1,2,1,8,9,RXRA,0.75,SLC27A2,-0.8181818181818181
cd4_0h_vs_24h,REACTOME_FATTY_ACYL_COA_BIOSYNTHESIS,Vanilla-only significant,31,FASN,ELOVL4,FASN,HACD3,0.0251831892774506,0.3290744481213082,1,6,3,0,14,SLC25A1,0.6833333333333333,FASN,-0.95
cd4_0h_vs_24h,REACTOME_KERATAN_SULFATE_KERATIN_METABOLISM,Vanilla-only significant,25,HEXA,ST3GAL2,HEXA,ST3GAL2,0.12142290307239612,-0.08167727195213553,1,4,1,10,6,GLB1L,0.8125,HEXA,-0.9375
cd4_0h_vs_24h,REACTOME_METABOLISM_OF_FAT_SOLUBLE_VITAMINS,Vanilla-only significant,26,VKORC1,VKORC1,VKORC1,VKORC1,0.5976321744536582,0.728043926300731,5,5,5,6,5,GPC1,0.58,LDLR,-0.31999999999999995
cd4_0h_vs_24h,REACTOME_SYNTHESIS_OF_BILE_ACIDS_AND_BILE_SALTS,Vanilla-only significant,22,SCP2,SCP2,SCP2,SCP2,0.5290878284664629,0.5398672069751174,2,6,2,13,3,OSBPL7,0.5714285714285714,AKR1C3,-0.5238095238095238
cd4_0h_vs_24h,REACTOME_SYNTHESIS_OF_GLYCOSYLPHOSPHATIDYLINOSITOL_GPI,Vanilla-only significant,17,DPM2,DPM2,DPM2,PIGP,0.6585543970675756,0.14725050743185564,2,5,1,1,13,PIGM,0.875,PIGA,-0.65625
cd4_0h_vs_24h,REACTOME_SYNTHESIS_OF_VERY_LONG_CHAIN_FATTY_ACYL_COAS,GenePT-only significant,18,ACSL6,ACSL3,HACD2,ACSL3,0.41404612159329135,0.06289308176100629,1,5,1,7,8,ELOVL1,0.7941176470588235,HACD2,-0.7058823529411764
cd4_12h_vs_24h,KEGG_DRUG_METABOLISM_CYTOCHROME_P450,GenePT-only significant,21,GSTP1,GSTK1,MGST3,GSTK1,0.4529289322561414,0.5831161799023762,2,6,2,6,2,GSTA4,0.5,MGST3,-0.7
cd4_12h_vs_24h,KEGG_PYRIMIDINE_METABOLISM,Vanilla-only significant,90,TYMP,NME1,POLR1C,POLE4,0.03597432305718162,0.10988482711296482,0,2,4,0,72,NT5C3A,0.8820224719101123,UPP1,-0.9213483146067416
cd4_12h_vs_24h,REACTOME_GLYCEROPHOSPHOLIPID_BIOSYNTHESIS,GenePT-only significant,96,AGPAT1,CSNK2A2,CPNE1,CSNK2A2,-0.024183537883933494,0.42991865520890066,0,1,4,21,55,PCYT1A,0.8052631578947369,CDIPT,-0.9210526315789473
cd4_12h_vs_24h,REACTOME_NUCLEOBASE_CATABOLISM,Vanilla-only significant,27,NUDT1,TYMP,NUDT1,UPP1,0.17574720652487846,0.09199875912861219,0,5,1,9,12,UPP1,0.9230769230769231,NUDT15,-0.7692307692307692
cd4_12h_vs_24h,REACTOME_PHOSPHOLIPID_METABOLISM,Vanilla-only significant,170,CSNK2B,OSBPL10,ETNK1,PIP4K2A,0.10535300137287637,0.3406489698538925,0,1,7,0,10,PIK3CA,0.8136094674556213,PIK3CB,-0.8994082840236686
cd4_12h_vs_24h,REACTOME_PYRUVATE_METABOLISM,GenePT-only significant,26,LDHA,LDHB,BSG,LDHB,-0.13406891292194495,0.17580242667196672,2,3,2,10,17,PDHA1,0.76,GLO1,-0.6599999999999999
cd4_12h_vs_24h,REACTOME_SULFUR_AMINO_ACID_METABOLISM,GenePT-only significant,23,ETHE1,SQOR,ETHE1,CSAD,0.1541553898724168,0.11761856045460374,1,4,1,4,9,CSAD,0.9318181818181819,ADI1,-0.7727272727272727
cd4_12h_vs_24h,REACTOME_SYNTHESIS_OF_SUBSTRATES_IN_N_GLYCAN_BIOSYTHESIS,GenePT-only significant,52,CTSA,TSTA3,UAP1,TSTA3,0.042513946911700226,0.47768479676067666,0,4,6,10,19,SLC35C1,0.5882352941176471,PGM3,-0.7156862745098039
cd4_12h_vs_24h,REACTOME_TRIGLYCERIDE_METABOLISM,Vanilla-only significant,23,PPP1CA,PPP1CA,PPP1CA,LPIN1,0.14303787860202044,0.38918433400549735,2,5,2,6,8,PPP1CB,0.6818181818181819,DGAT1,-0.8181818181818181
